scenario,estimates_retained,reviews_retained,microcells_retained,high_level_cells_retained,microcells_lost_n,high_level_cells_lost_n,microcells_lost,high_level_cells_lost,interpretation
main,64,11,64,11,0,0,,,Reference umbrella analysis; no review-level pooling.
exclude_ft012_single_anchor_robustness,60,10,60,9,4,2,LIT_DTA | Lumbar infusion test | Post-shunt clinical response | Varied | Sensitivity | Study-specific || LIT_DTA | Lumbar infusion test | Post-shunt clinical response | Varied | Specificity | Study-specific || TAP_TEST_DTA | CSF tap test | Post-shunt clinical response | Varied | Sensitivity | Study-specific || TAP_TEST_DTA | CSF tap test | Post-shunt clinical response | Varied | Specificity | Study-specific,LIT_DTA; TAP_TEST_DTA,Post-update single-anchor source-dependence analysis; this is not a publication-status restriction.
exclude_ft003_author_conflict,53,10,53,10,11,1,COMPLEX_PHENOTYPE | Complex iNPH; within-group pre-post | Post-shunt Cognition | Varied | SMCR | NA || COMPLEX_PHENOTYPE | Complex iNPH; within-group pre-post | Post-shunt Gait | Varied | SMCR | NA || COMPLEX_PHENOTYPE | Complex iNPH; within-group pre-post | Post-shunt General function | Varied | SMCR | NA || COMPLEX_PHENOTYPE | Complex iNPH; within-group pre-post | Post-shunt Incontinence | Varied | SMCR | NA || COMPLEX_PHENOTYPE | Complex minus pure iNPH phenotype | Difference in post-shunt Cognition change | Varied | Difference in SMCR | NA || COMPLEX_PHENOTYPE | Complex minus pure iNPH phenotype | Difference in post-shunt Gait change | Varied | Difference in SMCR | NA || COMPLEX_PHENOTYPE | Complex minus pure iNPH phenotype | Difference in post-shunt General function change | Varied | Difference in SMCR | NA || COMPLEX_PHENOTYPE | Complex minus pure iNPH phenotype | Difference in post-shunt Incontinence change | Varied | Difference in SMCR | NA || COMPLEX_PHENOTYPE | Complex vs pure iNPH phenotype | Global shunt response | Varied follow-up | OR | NA || COMPLEX_PHENOTYPE | Complex vs pure iNPH phenotype | Urinary improvement | Mean ~4 months / varied | OR | NA || COMPLEX_PHENOTYPE | Phenotype × follow-up time | Incontinence trajectory | Months | Meta-regression beta (SMCR/month) | NA,COMPLEX_PHENOTYPE,"Some anchor microcells are lost. This indicates dependence on excluded reviews, not a contradictory pooled effect."
robis_low_final_consensus,5,2,5,2,59,9,BIOMARKERS | CSF amyloid-β42 | Shunt responder vs nonresponder | Varied | SMD | Continuous biomarker || BIOMARKERS | CSF phosphorylated tau | Shunt responder vs nonresponder | Varied | SMD | Continuous biomarker || BIOMARKERS | CSF total tau | Shunt responder vs nonresponder | Varied | SMD | Continuous biomarker || COGNITIVE_CHANGE | Digit Span backward | Post-shunt mean change | Post-shunt; varied | MD | NR || COGNITIVE_CHANGE | Frontal Assessment Battery | Post-shunt mean change | Post-shunt; varied | MD | NR || COGNITIVE_CHANGE | Grooved Pegboard dominant | Post-shunt mean change | Post-shunt; varied | MD | NR || COGNITIVE_CHANGE | MMSE | Post-shunt mean change | Post-shunt; varied | MD | NR || COGNITIVE_CHANGE | MoCA | Post-shunt mean change | Post-shunt; varied | MD | NR || COGNITIVE_CHANGE | RAVLT delayed | Post-shunt mean change | Post-shunt; varied | MD | NR || COGNITIVE_CHANGE | RAVLT learning | Post-shunt mean change | Post-shunt; varied | MD | NR || COGNITIVE_CHANGE | Shunt surgery | Any cognitive improvement | Post-shunt; varied | Pooled proportion (%) | NA || COGNITIVE_CHANGE | Shunt surgery | Objectively defined cognitive improvement | Post-shunt; varied | Pooled proportion (%) | NA || COGNITIVE_CHANGE | Trail Making Test A | Post-shunt mean change | Post-shunt; varied | MD | NR || COGNITIVE_CHANGE | Trail Making Test B | Post-shunt mean change | Post-shunt; varied | MD | NR || COMPARATIVE_PROGNOSTIC_TESTS | Extended lumbar drainage | Shunt response | Varied | AUC | Study-specific || COMPARATIVE_PROGNOSTIC_TESTS | Extended lumbar drainage | Shunt response | Varied | DOR | Study-specific || COMPARATIVE_PROGNOSTIC_TESTS | Infusion test | Shunt response | Varied | AUC | Study-specific || COMPARATIVE_PROGNOSTIC_TESTS | Infusion test | Shunt response | Varied | DOR | Study-specific || COMPARATIVE_PROGNOSTIC_TESTS | Intracranial pressure monitoring | Shunt response | Varied | AUC | Study-specific || COMPARATIVE_PROGNOSTIC_TESTS | Intracranial pressure monitoring | Shunt response | Varied | DOR | Study-specific || COMPARATIVE_PROGNOSTIC_TESTS | Tap test | Shunt response | Varied | AUC | Study-specific || COMPARATIVE_PROGNOSTIC_TESTS | Tap test | Shunt response | Varied | DOR | Study-specific || COMPLEX_PHENOTYPE | Complex iNPH; within-group pre-post | Post-shunt Cognition | Varied | SMCR | NA || COMPLEX_PHENOTYPE | Complex iNPH; within-group pre-post | Post-shunt Gait | Varied | SMCR | NA || COMPLEX_PHENOTYPE | Complex iNPH; within-group pre-post | Post-shunt General function | Varied | SMCR | NA || COMPLEX_PHENOTYPE | Complex iNPH; within-group pre-post | Post-shunt Incontinence | Varied | SMCR | NA || COMPLEX_PHENOTYPE | Complex minus pure iNPH phenotype | Difference in post-shunt Cognition change | Varied | Difference in SMCR | NA || COMPLEX_PHENOTYPE | Complex minus pure iNPH phenotype | Difference in post-shunt Gait change | Varied | Difference in SMCR | NA || COMPLEX_PHENOTYPE | Complex minus pure iNPH phenotype | Difference in post-shunt General function change | Varied | Difference in SMCR | NA || COMPLEX_PHENOTYPE | Complex minus pure iNPH phenotype | Difference in post-shunt Incontinence change | Varied | Difference in SMCR | NA || COMPLEX_PHENOTYPE | Complex vs pure iNPH phenotype | Global shunt response | Varied follow-up | OR | NA || COMPLEX_PHENOTYPE | Complex vs pure iNPH phenotype | Urinary improvement | Mean ~4 months / varied | OR | NA || COMPLEX_PHENOTYPE | Phenotype × follow-up time | Incontinence trajectory | Months | Meta-regression beta (SMCR/month) | NA || LIT_DTA | Lumbar infusion test | Post-shunt clinical response | Varied | Sensitivity | Study-specific || LIT_DTA | Lumbar infusion test | Post-shunt clinical response | Varied | Specificity | Study-specific || ROUT_THRESHOLDS | Lumbar infusion test—Rout | Shunt nonresponse | 3–12 months | NPV at 65% response prevalence | Rout >12 mmHg/mL/min || ROUT_THRESHOLDS | Lumbar infusion test—Rout | Shunt nonresponse | 3–12 months | NPV at 65% response prevalence | Rout >14 mmHg/mL/min || ROUT_THRESHOLDS | Lumbar infusion test—Rout | Shunt nonresponse | 3–12 months | NPV at 65% response prevalence | Rout >18 mmHg/mL/min || ROUT_THRESHOLDS | Lumbar infusion test—Rout | Shunt response | 3–12 months | Sensitivity | Rout >12 mmHg/mL/min || ROUT_THRESHOLDS | Lumbar infusion test—Rout | Shunt response | 3–12 months | Sensitivity | Rout >14 mmHg/mL/min || ROUT_THRESHOLDS | Lumbar infusion test—Rout | Shunt response | 3–12 months | Sensitivity | Rout >18 mmHg/mL/min || ROUT_THRESHOLDS | Lumbar infusion test—Rout | Shunt response | 3–12 months | Specificity | Rout >12 mmHg/mL/min || ROUT_THRESHOLDS | Lumbar infusion test—Rout | Shunt response | 3–12 months | Specificity | Rout >14 mmHg/mL/min || ROUT_THRESHOLDS | Lumbar infusion test—Rout | Shunt response | 3–12 months | Specificity | Rout >18 mmHg/mL/min || STRUCTURAL_IMAGING | Callosal angle | Shunt responder vs nonresponder | Varied | DOR | Study-specific || STRUCTURAL_IMAGING | Cerebral blood flow | Shunt responder vs nonresponder | Varied | Pooled DOR | Study-specific || STRUCTURAL_IMAGING | CT cisternography | Shunt responder vs nonresponder | Varied | Pooled DOR | Study-specific || STRUCTURAL_IMAGING | DESH | Discrimination | Varied | AUC | NR || STRUCTURAL_IMAGING | DESH | Prevalence in iNPH | Varied | Proportion | NR || STRUCTURAL_IMAGING | DESH | Sensitivity | Varied | Sensitivity | NR || STRUCTURAL_IMAGING | DESH | Shunt responder vs nonresponder | Varied | Pooled DOR | Study-specific || STRUCTURAL_IMAGING | DESH | Specificity | Varied | Specificity | NR || STRUCTURAL_IMAGING | Periventricular white matter changes | Shunt responder vs nonresponder | Varied | DOR | Study-specific || SURVIVAL | All shunted NPH | Median survival | Long-term post-shunt | Median | NR || SURVIVAL | mRS ≥3 vs 0–2 | Overall survival | Long-term post-shunt | HR | NR || SURVIVAL | Poor vs good continence score | Overall survival | Long-term post-shunt | HR | NR || SURVIVAL | Poor vs good gait score | Overall survival | Long-term post-shunt | HR | NR || TAP_TEST_DTA | CSF tap test | Post-shunt clinical response | Varied | Sensitivity | Study-specific || TAP_TEST_DTA | CSF tap test | Post-shunt clinical response | Varied | Specificity | Study-specific,BIOMARKERS; COGNITIVE_CHANGE; COMPARATIVE_PROGNOSTIC_TESTS; COMPLEX_PHENOTYPE; LIT_DTA; ROUT_THRESHOLDS; STRUCTURAL_IMAGING; SURVIVAL; TAP_TEST_DTA,"Some anchor microcells are lost. This indicates dependence on excluded reviews, not a contradictory pooled effect."
robis_not_high_final_consensus,16,3,16,3,48,8,BIOMARKERS | CSF amyloid-β42 | Shunt responder vs nonresponder | Varied | SMD | Continuous biomarker || BIOMARKERS | CSF phosphorylated tau | Shunt responder vs nonresponder | Varied | SMD | Continuous biomarker || BIOMARKERS | CSF total tau | Shunt responder vs nonresponder | Varied | SMD | Continuous biomarker || COGNITIVE_CHANGE | Digit Span backward | Post-shunt mean change | Post-shunt; varied | MD | NR || COGNITIVE_CHANGE | Frontal Assessment Battery | Post-shunt mean change | Post-shunt; varied | MD | NR || COGNITIVE_CHANGE | Grooved Pegboard dominant | Post-shunt mean change | Post-shunt; varied | MD | NR || COGNITIVE_CHANGE | MMSE | Post-shunt mean change | Post-shunt; varied | MD | NR || COGNITIVE_CHANGE | MoCA | Post-shunt mean change | Post-shunt; varied | MD | NR || COGNITIVE_CHANGE | RAVLT delayed | Post-shunt mean change | Post-shunt; varied | MD | NR || COGNITIVE_CHANGE | RAVLT learning | Post-shunt mean change | Post-shunt; varied | MD | NR || COGNITIVE_CHANGE | Shunt surgery | Any cognitive improvement | Post-shunt; varied | Pooled proportion (%) | NA || COGNITIVE_CHANGE | Shunt surgery | Objectively defined cognitive improvement | Post-shunt; varied | Pooled proportion (%) | NA || COGNITIVE_CHANGE | Trail Making Test A | Post-shunt mean change | Post-shunt; varied | MD | NR || COGNITIVE_CHANGE | Trail Making Test B | Post-shunt mean change | Post-shunt; varied | MD | NR || COMPARATIVE_PROGNOSTIC_TESTS | Extended lumbar drainage | Shunt response | Varied | AUC | Study-specific || COMPARATIVE_PROGNOSTIC_TESTS | Extended lumbar drainage | Shunt response | Varied | DOR | Study-specific || COMPARATIVE_PROGNOSTIC_TESTS | Infusion test | Shunt response | Varied | AUC | Study-specific || COMPARATIVE_PROGNOSTIC_TESTS | Infusion test | Shunt response | Varied | DOR | Study-specific || COMPARATIVE_PROGNOSTIC_TESTS | Intracranial pressure monitoring | Shunt response | Varied | AUC | Study-specific || COMPARATIVE_PROGNOSTIC_TESTS | Intracranial pressure monitoring | Shunt response | Varied | DOR | Study-specific || COMPARATIVE_PROGNOSTIC_TESTS | Tap test | Shunt response | Varied | AUC | Study-specific || COMPARATIVE_PROGNOSTIC_TESTS | Tap test | Shunt response | Varied | DOR | Study-specific || LIT_DTA | Lumbar infusion test | Post-shunt clinical response | Varied | Sensitivity | Study-specific || LIT_DTA | Lumbar infusion test | Post-shunt clinical response | Varied | Specificity | Study-specific || ROUT_THRESHOLDS | Lumbar infusion test—Rout | Shunt nonresponse | 3–12 months | NPV at 65% response prevalence | Rout >12 mmHg/mL/min || ROUT_THRESHOLDS | Lumbar infusion test—Rout | Shunt nonresponse | 3–12 months | NPV at 65% response prevalence | Rout >14 mmHg/mL/min || ROUT_THRESHOLDS | Lumbar infusion test—Rout | Shunt nonresponse | 3–12 months | NPV at 65% response prevalence | Rout >18 mmHg/mL/min || ROUT_THRESHOLDS | Lumbar infusion test—Rout | Shunt response | 3–12 months | Sensitivity | Rout >12 mmHg/mL/min || ROUT_THRESHOLDS | Lumbar infusion test—Rout | Shunt response | 3–12 months | Sensitivity | Rout >14 mmHg/mL/min || ROUT_THRESHOLDS | Lumbar infusion test—Rout | Shunt response | 3–12 months | Sensitivity | Rout >18 mmHg/mL/min || ROUT_THRESHOLDS | Lumbar infusion test—Rout | Shunt response | 3–12 months | Specificity | Rout >12 mmHg/mL/min || ROUT_THRESHOLDS | Lumbar infusion test—Rout | Shunt response | 3–12 months | Specificity | Rout >14 mmHg/mL/min || ROUT_THRESHOLDS | Lumbar infusion test—Rout | Shunt response | 3–12 months | Specificity | Rout >18 mmHg/mL/min || STRUCTURAL_IMAGING | Callosal angle | Shunt responder vs nonresponder | Varied | DOR | Study-specific || STRUCTURAL_IMAGING | Cerebral blood flow | Shunt responder vs nonresponder | Varied | Pooled DOR | Study-specific || STRUCTURAL_IMAGING | CT cisternography | Shunt responder vs nonresponder | Varied | Pooled DOR | Study-specific || STRUCTURAL_IMAGING | DESH | Discrimination | Varied | AUC | NR || STRUCTURAL_IMAGING | DESH | Prevalence in iNPH | Varied | Proportion | NR || STRUCTURAL_IMAGING | DESH | Sensitivity | Varied | Sensitivity | NR || STRUCTURAL_IMAGING | DESH | Shunt responder vs nonresponder | Varied | Pooled DOR | Study-specific || STRUCTURAL_IMAGING | DESH | Specificity | Varied | Specificity | NR || STRUCTURAL_IMAGING | Periventricular white matter changes | Shunt responder vs nonresponder | Varied | DOR | Study-specific || SURVIVAL | All shunted NPH | Median survival | Long-term post-shunt | Median | NR || SURVIVAL | mRS ≥3 vs 0–2 | Overall survival | Long-term post-shunt | HR | NR || SURVIVAL | Poor vs good continence score | Overall survival | Long-term post-shunt | HR | NR || SURVIVAL | Poor vs good gait score | Overall survival | Long-term post-shunt | HR | NR || TAP_TEST_DTA | CSF tap test | Post-shunt clinical response | Varied | Sensitivity | Study-specific || TAP_TEST_DTA | CSF tap test | Post-shunt clinical response | Varied | Specificity | Study-specific,BIOMARKERS; COGNITIVE_CHANGE; COMPARATIVE_PROGNOSTIC_TESTS; LIT_DTA; ROUT_THRESHOLDS; STRUCTURAL_IMAGING; SURVIVAL; TAP_TEST_DTA,"Some anchor microcells are lost. This indicates dependence on excluded reviews, not a contradictory pooled effect."
robis_low_by_both_reviewers,0,0,0,0,64,11,BIOMARKERS | CSF amyloid-β42 | Shunt responder vs nonresponder | Varied | SMD | Continuous biomarker || BIOMARKERS | CSF phosphorylated tau | Shunt responder vs nonresponder | Varied | SMD | Continuous biomarker || BIOMARKERS | CSF total tau | Shunt responder vs nonresponder | Varied | SMD | Continuous biomarker || COGNITIVE_CHANGE | Digit Span backward | Post-shunt mean change | Post-shunt; varied | MD | NR || COGNITIVE_CHANGE | Frontal Assessment Battery | Post-shunt mean change | Post-shunt; varied | MD | NR || COGNITIVE_CHANGE | Grooved Pegboard dominant | Post-shunt mean change | Post-shunt; varied | MD | NR || COGNITIVE_CHANGE | MMSE | Post-shunt mean change | Post-shunt; varied | MD | NR || COGNITIVE_CHANGE | MoCA | Post-shunt mean change | Post-shunt; varied | MD | NR || COGNITIVE_CHANGE | RAVLT delayed | Post-shunt mean change | Post-shunt; varied | MD | NR || COGNITIVE_CHANGE | RAVLT learning | Post-shunt mean change | Post-shunt; varied | MD | NR || COGNITIVE_CHANGE | Shunt surgery | Any cognitive improvement | Post-shunt; varied | Pooled proportion (%) | NA || COGNITIVE_CHANGE | Shunt surgery | Objectively defined cognitive improvement | Post-shunt; varied | Pooled proportion (%) | NA || COGNITIVE_CHANGE | Trail Making Test A | Post-shunt mean change | Post-shunt; varied | MD | NR || COGNITIVE_CHANGE | Trail Making Test B | Post-shunt mean change | Post-shunt; varied | MD | NR || COMPARATIVE_PROGNOSTIC_TESTS | Extended lumbar drainage | Shunt response | Varied | AUC | Study-specific || COMPARATIVE_PROGNOSTIC_TESTS | Extended lumbar drainage | Shunt response | Varied | DOR | Study-specific || COMPARATIVE_PROGNOSTIC_TESTS | Infusion test | Shunt response | Varied | AUC | Study-specific || COMPARATIVE_PROGNOSTIC_TESTS | Infusion test | Shunt response | Varied | DOR | Study-specific || COMPARATIVE_PROGNOSTIC_TESTS | Intracranial pressure monitoring | Shunt response | Varied | AUC | Study-specific || COMPARATIVE_PROGNOSTIC_TESTS | Intracranial pressure monitoring | Shunt response | Varied | DOR | Study-specific || COMPARATIVE_PROGNOSTIC_TESTS | Tap test | Shunt response | Varied | AUC | Study-specific || COMPARATIVE_PROGNOSTIC_TESTS | Tap test | Shunt response | Varied | DOR | Study-specific || COMPLEX_PHENOTYPE | Complex iNPH; within-group pre-post | Post-shunt Cognition | Varied | SMCR | NA || COMPLEX_PHENOTYPE | Complex iNPH; within-group pre-post | Post-shunt Gait | Varied | SMCR | NA || COMPLEX_PHENOTYPE | Complex iNPH; within-group pre-post | Post-shunt General function | Varied | SMCR | NA || COMPLEX_PHENOTYPE | Complex iNPH; within-group pre-post | Post-shunt Incontinence | Varied | SMCR | NA || COMPLEX_PHENOTYPE | Complex minus pure iNPH phenotype | Difference in post-shunt Cognition change | Varied | Difference in SMCR | NA || COMPLEX_PHENOTYPE | Complex minus pure iNPH phenotype | Difference in post-shunt Gait change | Varied | Difference in SMCR | NA || COMPLEX_PHENOTYPE | Complex minus pure iNPH phenotype | Difference in post-shunt General function change | Varied | Difference in SMCR | NA || COMPLEX_PHENOTYPE | Complex minus pure iNPH phenotype | Difference in post-shunt Incontinence change | Varied | Difference in SMCR | NA || COMPLEX_PHENOTYPE | Complex vs pure iNPH phenotype | Global shunt response | Varied follow-up | OR | NA || COMPLEX_PHENOTYPE | Complex vs pure iNPH phenotype | Urinary improvement | Mean ~4 months / varied | OR | NA || COMPLEX_PHENOTYPE | Phenotype × follow-up time | Incontinence trajectory | Months | Meta-regression beta (SMCR/month) | NA || ELD_DTA | Extended lumbar drainage | Post-shunt response | Varied | NPV | Study-specific ELD response || ELD_DTA | Extended lumbar drainage | Post-shunt response | Varied | PPV | Study-specific ELD response || ELD_DTA | Extended lumbar drainage | Post-shunt response | Varied | Sensitivity | Study-specific ELD response || ELD_DTA | Extended lumbar drainage | Post-shunt response | Varied | Specificity | Study-specific ELD response || GAIT_CHANGE | Tap responders | Gait velocity after tap | After CSF tap test | Hedges g | NR || LIT_DTA | Lumbar infusion test | Post-shunt clinical response | Varied | Sensitivity | Study-specific || LIT_DTA | Lumbar infusion test | Post-shunt clinical response | Varied | Specificity | Study-specific || ROUT_THRESHOLDS | Lumbar infusion test—Rout | Shunt nonresponse | 3–12 months | NPV at 65% response prevalence | Rout >12 mmHg/mL/min || ROUT_THRESHOLDS | Lumbar infusion test—Rout | Shunt nonresponse | 3–12 months | NPV at 65% response prevalence | Rout >14 mmHg/mL/min || ROUT_THRESHOLDS | Lumbar infusion test—Rout | Shunt nonresponse | 3–12 months | NPV at 65% response prevalence | Rout >18 mmHg/mL/min || ROUT_THRESHOLDS | Lumbar infusion test—Rout | Shunt response | 3–12 months | Sensitivity | Rout >12 mmHg/mL/min || ROUT_THRESHOLDS | Lumbar infusion test—Rout | Shunt response | 3–12 months | Sensitivity | Rout >14 mmHg/mL/min || ROUT_THRESHOLDS | Lumbar infusion test—Rout | Shunt response | 3–12 months | Sensitivity | Rout >18 mmHg/mL/min || ROUT_THRESHOLDS | Lumbar infusion test—Rout | Shunt response | 3–12 months | Specificity | Rout >12 mmHg/mL/min || ROUT_THRESHOLDS | Lumbar infusion test—Rout | Shunt response | 3–12 months | Specificity | Rout >14 mmHg/mL/min || ROUT_THRESHOLDS | Lumbar infusion test—Rout | Shunt response | 3–12 months | Specificity | Rout >18 mmHg/mL/min || STRUCTURAL_IMAGING | Callosal angle | Shunt responder vs nonresponder | Varied | DOR | Study-specific || STRUCTURAL_IMAGING | Cerebral blood flow | Shunt responder vs nonresponder | Varied | Pooled DOR | Study-specific || STRUCTURAL_IMAGING | CT cisternography | Shunt responder vs nonresponder | Varied | Pooled DOR | Study-specific || STRUCTURAL_IMAGING | DESH | Discrimination | Varied | AUC | NR || STRUCTURAL_IMAGING | DESH | Prevalence in iNPH | Varied | Proportion | NR || STRUCTURAL_IMAGING | DESH | Sensitivity | Varied | Sensitivity | NR || STRUCTURAL_IMAGING | DESH | Shunt responder vs nonresponder | Varied | Pooled DOR | Study-specific || STRUCTURAL_IMAGING | DESH | Specificity | Varied | Specificity | NR || STRUCTURAL_IMAGING | Periventricular white matter changes | Shunt responder vs nonresponder | Varied | DOR | Study-specific || SURVIVAL | All shunted NPH | Median survival | Long-term post-shunt | Median | NR || SURVIVAL | mRS ≥3 vs 0–2 | Overall survival | Long-term post-shunt | HR | NR || SURVIVAL | Poor vs good continence score | Overall survival | Long-term post-shunt | HR | NR || SURVIVAL | Poor vs good gait score | Overall survival | Long-term post-shunt | HR | NR || TAP_TEST_DTA | CSF tap test | Post-shunt clinical response | Varied | Sensitivity | Study-specific || TAP_TEST_DTA | CSF tap test | Post-shunt clinical response | Varied | Specificity | Study-specific,BIOMARKERS; COGNITIVE_CHANGE; COMPARATIVE_PROGNOSTIC_TESTS; COMPLEX_PHENOTYPE; ELD_DTA; GAIT_CHANGE; LIT_DTA; ROUT_THRESHOLDS; STRUCTURAL_IMAGING; SURVIVAL; TAP_TEST_DTA,All anchor microcells lost; no matched estimate substitution is allowed.
robis_not_high_by_either_reviewer,0,0,0,0,64,11,BIOMARKERS | CSF amyloid-β42 | Shunt responder vs nonresponder | Varied | SMD | Continuous biomarker || BIOMARKERS | CSF phosphorylated tau | Shunt responder vs nonresponder | Varied | SMD | Continuous biomarker || BIOMARKERS | CSF total tau | Shunt responder vs nonresponder | Varied | SMD | Continuous biomarker || COGNITIVE_CHANGE | Digit Span backward | Post-shunt mean change | Post-shunt; varied | MD | NR || COGNITIVE_CHANGE | Frontal Assessment Battery | Post-shunt mean change | Post-shunt; varied | MD | NR || COGNITIVE_CHANGE | Grooved Pegboard dominant | Post-shunt mean change | Post-shunt; varied | MD | NR || COGNITIVE_CHANGE | MMSE | Post-shunt mean change | Post-shunt; varied | MD | NR || COGNITIVE_CHANGE | MoCA | Post-shunt mean change | Post-shunt; varied | MD | NR || COGNITIVE_CHANGE | RAVLT delayed | Post-shunt mean change | Post-shunt; varied | MD | NR || COGNITIVE_CHANGE | RAVLT learning | Post-shunt mean change | Post-shunt; varied | MD | NR || COGNITIVE_CHANGE | Shunt surgery | Any cognitive improvement | Post-shunt; varied | Pooled proportion (%) | NA || COGNITIVE_CHANGE | Shunt surgery | Objectively defined cognitive improvement | Post-shunt; varied | Pooled proportion (%) | NA || COGNITIVE_CHANGE | Trail Making Test A | Post-shunt mean change | Post-shunt; varied | MD | NR || COGNITIVE_CHANGE | Trail Making Test B | Post-shunt mean change | Post-shunt; varied | MD | NR || COMPARATIVE_PROGNOSTIC_TESTS | Extended lumbar drainage | Shunt response | Varied | AUC | Study-specific || COMPARATIVE_PROGNOSTIC_TESTS | Extended lumbar drainage | Shunt response | Varied | DOR | Study-specific || COMPARATIVE_PROGNOSTIC_TESTS | Infusion test | Shunt response | Varied | AUC | Study-specific || COMPARATIVE_PROGNOSTIC_TESTS | Infusion test | Shunt response | Varied | DOR | Study-specific || COMPARATIVE_PROGNOSTIC_TESTS | Intracranial pressure monitoring | Shunt response | Varied | AUC | Study-specific || COMPARATIVE_PROGNOSTIC_TESTS | Intracranial pressure monitoring | Shunt response | Varied | DOR | Study-specific || COMPARATIVE_PROGNOSTIC_TESTS | Tap test | Shunt response | Varied | AUC | Study-specific || COMPARATIVE_PROGNOSTIC_TESTS | Tap test | Shunt response | Varied | DOR | Study-specific || COMPLEX_PHENOTYPE | Complex iNPH; within-group pre-post | Post-shunt Cognition | Varied | SMCR | NA || COMPLEX_PHENOTYPE | Complex iNPH; within-group pre-post | Post-shunt Gait | Varied | SMCR | NA || COMPLEX_PHENOTYPE | Complex iNPH; within-group pre-post | Post-shunt General function | Varied | SMCR | NA || COMPLEX_PHENOTYPE | Complex iNPH; within-group pre-post | Post-shunt Incontinence | Varied | SMCR | NA || COMPLEX_PHENOTYPE | Complex minus pure iNPH phenotype | Difference in post-shunt Cognition change | Varied | Difference in SMCR | NA || COMPLEX_PHENOTYPE | Complex minus pure iNPH phenotype | Difference in post-shunt Gait change | Varied | Difference in SMCR | NA || COMPLEX_PHENOTYPE | Complex minus pure iNPH phenotype | Difference in post-shunt General function change | Varied | Difference in SMCR | NA || COMPLEX_PHENOTYPE | Complex minus pure iNPH phenotype | Difference in post-shunt Incontinence change | Varied | Difference in SMCR | NA || COMPLEX_PHENOTYPE | Complex vs pure iNPH phenotype | Global shunt response | Varied follow-up | OR | NA || COMPLEX_PHENOTYPE | Complex vs pure iNPH phenotype | Urinary improvement | Mean ~4 months / varied | OR | NA || COMPLEX_PHENOTYPE | Phenotype × follow-up time | Incontinence trajectory | Months | Meta-regression beta (SMCR/month) | NA || ELD_DTA | Extended lumbar drainage | Post-shunt response | Varied | NPV | Study-specific ELD response || ELD_DTA | Extended lumbar drainage | Post-shunt response | Varied | PPV | Study-specific ELD response || ELD_DTA | Extended lumbar drainage | Post-shunt response | Varied | Sensitivity | Study-specific ELD response || ELD_DTA | Extended lumbar drainage | Post-shunt response | Varied | Specificity | Study-specific ELD response || GAIT_CHANGE | Tap responders | Gait velocity after tap | After CSF tap test | Hedges g | NR || LIT_DTA | Lumbar infusion test | Post-shunt clinical response | Varied | Sensitivity | Study-specific || LIT_DTA | Lumbar infusion test | Post-shunt clinical response | Varied | Specificity | Study-specific || ROUT_THRESHOLDS | Lumbar infusion test—Rout | Shunt nonresponse | 3–12 months | NPV at 65% response prevalence | Rout >12 mmHg/mL/min || ROUT_THRESHOLDS | Lumbar infusion test—Rout | Shunt nonresponse | 3–12 months | NPV at 65% response prevalence | Rout >14 mmHg/mL/min || ROUT_THRESHOLDS | Lumbar infusion test—Rout | Shunt nonresponse | 3–12 months | NPV at 65% response prevalence | Rout >18 mmHg/mL/min || ROUT_THRESHOLDS | Lumbar infusion test—Rout | Shunt response | 3–12 months | Sensitivity | Rout >12 mmHg/mL/min || ROUT_THRESHOLDS | Lumbar infusion test—Rout | Shunt response | 3–12 months | Sensitivity | Rout >14 mmHg/mL/min || ROUT_THRESHOLDS | Lumbar infusion test—Rout | Shunt response | 3–12 months | Sensitivity | Rout >18 mmHg/mL/min || ROUT_THRESHOLDS | Lumbar infusion test—Rout | Shunt response | 3–12 months | Specificity | Rout >12 mmHg/mL/min || ROUT_THRESHOLDS | Lumbar infusion test—Rout | Shunt response | 3–12 months | Specificity | Rout >14 mmHg/mL/min || ROUT_THRESHOLDS | Lumbar infusion test—Rout | Shunt response | 3–12 months | Specificity | Rout >18 mmHg/mL/min || STRUCTURAL_IMAGING | Callosal angle | Shunt responder vs nonresponder | Varied | DOR | Study-specific || STRUCTURAL_IMAGING | Cerebral blood flow | Shunt responder vs nonresponder | Varied | Pooled DOR | Study-specific || STRUCTURAL_IMAGING | CT cisternography | Shunt responder vs nonresponder | Varied | Pooled DOR | Study-specific || STRUCTURAL_IMAGING | DESH | Discrimination | Varied | AUC | NR || STRUCTURAL_IMAGING | DESH | Prevalence in iNPH | Varied | Proportion | NR || STRUCTURAL_IMAGING | DESH | Sensitivity | Varied | Sensitivity | NR || STRUCTURAL_IMAGING | DESH | Shunt responder vs nonresponder | Varied | Pooled DOR | Study-specific || STRUCTURAL_IMAGING | DESH | Specificity | Varied | Specificity | NR || STRUCTURAL_IMAGING | Periventricular white matter changes | Shunt responder vs nonresponder | Varied | DOR | Study-specific || SURVIVAL | All shunted NPH | Median survival | Long-term post-shunt | Median | NR || SURVIVAL | mRS ≥3 vs 0–2 | Overall survival | Long-term post-shunt | HR | NR || SURVIVAL | Poor vs good continence score | Overall survival | Long-term post-shunt | HR | NR || SURVIVAL | Poor vs good gait score | Overall survival | Long-term post-shunt | HR | NR || TAP_TEST_DTA | CSF tap test | Post-shunt clinical response | Varied | Sensitivity | Study-specific || TAP_TEST_DTA | CSF tap test | Post-shunt clinical response | Varied | Specificity | Study-specific,BIOMARKERS; COGNITIVE_CHANGE; COMPARATIVE_PROGNOSTIC_TESTS; COMPLEX_PHENOTYPE; ELD_DTA; GAIT_CHANGE; LIT_DTA; ROUT_THRESHOLDS; STRUCTURAL_IMAGING; SURVIVAL; TAP_TEST_DTA,All anchor microcells lost; no matched estimate substitution is allowed.
explicitly_validated_inph_shunt_response_threshold,0,0,0,0,64,11,BIOMARKERS | CSF amyloid-β42 | Shunt responder vs nonresponder | Varied | SMD | Continuous biomarker || BIOMARKERS | CSF phosphorylated tau | Shunt responder vs nonresponder | Varied | SMD | Continuous biomarker || BIOMARKERS | CSF total tau | Shunt responder vs nonresponder | Varied | SMD | Continuous biomarker || COGNITIVE_CHANGE | Digit Span backward | Post-shunt mean change | Post-shunt; varied | MD | NR || COGNITIVE_CHANGE | Frontal Assessment Battery | Post-shunt mean change | Post-shunt; varied | MD | NR || COGNITIVE_CHANGE | Grooved Pegboard dominant | Post-shunt mean change | Post-shunt; varied | MD | NR || COGNITIVE_CHANGE | MMSE | Post-shunt mean change | Post-shunt; varied | MD | NR || COGNITIVE_CHANGE | MoCA | Post-shunt mean change | Post-shunt; varied | MD | NR || COGNITIVE_CHANGE | RAVLT delayed | Post-shunt mean change | Post-shunt; varied | MD | NR || COGNITIVE_CHANGE | RAVLT learning | Post-shunt mean change | Post-shunt; varied | MD | NR || COGNITIVE_CHANGE | Shunt surgery | Any cognitive improvement | Post-shunt; varied | Pooled proportion (%) | NA || COGNITIVE_CHANGE | Shunt surgery | Objectively defined cognitive improvement | Post-shunt; varied | Pooled proportion (%) | NA || COGNITIVE_CHANGE | Trail Making Test A | Post-shunt mean change | Post-shunt; varied | MD | NR || COGNITIVE_CHANGE | Trail Making Test B | Post-shunt mean change | Post-shunt; varied | MD | NR || COMPARATIVE_PROGNOSTIC_TESTS | Extended lumbar drainage | Shunt response | Varied | AUC | Study-specific || COMPARATIVE_PROGNOSTIC_TESTS | Extended lumbar drainage | Shunt response | Varied | DOR | Study-specific || COMPARATIVE_PROGNOSTIC_TESTS | Infusion test | Shunt response | Varied | AUC | Study-specific || COMPARATIVE_PROGNOSTIC_TESTS | Infusion test | Shunt response | Varied | DOR | Study-specific || COMPARATIVE_PROGNOSTIC_TESTS | Intracranial pressure monitoring | Shunt response | Varied | AUC | Study-specific || COMPARATIVE_PROGNOSTIC_TESTS | Intracranial pressure monitoring | Shunt response | Varied | DOR | Study-specific || COMPARATIVE_PROGNOSTIC_TESTS | Tap test | Shunt response | Varied | AUC | Study-specific || COMPARATIVE_PROGNOSTIC_TESTS | Tap test | Shunt response | Varied | DOR | Study-specific || COMPLEX_PHENOTYPE | Complex iNPH; within-group pre-post | Post-shunt Cognition | Varied | SMCR | NA || COMPLEX_PHENOTYPE | Complex iNPH; within-group pre-post | Post-shunt Gait | Varied | SMCR | NA || COMPLEX_PHENOTYPE | Complex iNPH; within-group pre-post | Post-shunt General function | Varied | SMCR | NA || COMPLEX_PHENOTYPE | Complex iNPH; within-group pre-post | Post-shunt Incontinence | Varied | SMCR | NA || COMPLEX_PHENOTYPE | Complex minus pure iNPH phenotype | Difference in post-shunt Cognition change | Varied | Difference in SMCR | NA || COMPLEX_PHENOTYPE | Complex minus pure iNPH phenotype | Difference in post-shunt Gait change | Varied | Difference in SMCR | NA || COMPLEX_PHENOTYPE | Complex minus pure iNPH phenotype | Difference in post-shunt General function change | Varied | Difference in SMCR | NA || COMPLEX_PHENOTYPE | Complex minus pure iNPH phenotype | Difference in post-shunt Incontinence change | Varied | Difference in SMCR | NA || COMPLEX_PHENOTYPE | Complex vs pure iNPH phenotype | Global shunt response | Varied follow-up | OR | NA || COMPLEX_PHENOTYPE | Complex vs pure iNPH phenotype | Urinary improvement | Mean ~4 months / varied | OR | NA || COMPLEX_PHENOTYPE | Phenotype × follow-up time | Incontinence trajectory | Months | Meta-regression beta (SMCR/month) | NA || ELD_DTA | Extended lumbar drainage | Post-shunt response | Varied | NPV | Study-specific ELD response || ELD_DTA | Extended lumbar drainage | Post-shunt response | Varied | PPV | Study-specific ELD response || ELD_DTA | Extended lumbar drainage | Post-shunt response | Varied | Sensitivity | Study-specific ELD response || ELD_DTA | Extended lumbar drainage | Post-shunt response | Varied | Specificity | Study-specific ELD response || GAIT_CHANGE | Tap responders | Gait velocity after tap | After CSF tap test | Hedges g | NR || LIT_DTA | Lumbar infusion test | Post-shunt clinical response | Varied | Sensitivity | Study-specific || LIT_DTA | Lumbar infusion test | Post-shunt clinical response | Varied | Specificity | Study-specific || ROUT_THRESHOLDS | Lumbar infusion test—Rout | Shunt nonresponse | 3–12 months | NPV at 65% response prevalence | Rout >12 mmHg/mL/min || ROUT_THRESHOLDS | Lumbar infusion test—Rout | Shunt nonresponse | 3–12 months | NPV at 65% response prevalence | Rout >14 mmHg/mL/min || ROUT_THRESHOLDS | Lumbar infusion test—Rout | Shunt nonresponse | 3–12 months | NPV at 65% response prevalence | Rout >18 mmHg/mL/min || ROUT_THRESHOLDS | Lumbar infusion test—Rout | Shunt response | 3–12 months | Sensitivity | Rout >12 mmHg/mL/min || ROUT_THRESHOLDS | Lumbar infusion test—Rout | Shunt response | 3–12 months | Sensitivity | Rout >14 mmHg/mL/min || ROUT_THRESHOLDS | Lumbar infusion test—Rout | Shunt response | 3–12 months | Sensitivity | Rout >18 mmHg/mL/min || ROUT_THRESHOLDS | Lumbar infusion test—Rout | Shunt response | 3–12 months | Specificity | Rout >12 mmHg/mL/min || ROUT_THRESHOLDS | Lumbar infusion test—Rout | Shunt response | 3–12 months | Specificity | Rout >14 mmHg/mL/min || ROUT_THRESHOLDS | Lumbar infusion test—Rout | Shunt response | 3–12 months | Specificity | Rout >18 mmHg/mL/min || STRUCTURAL_IMAGING | Callosal angle | Shunt responder vs nonresponder | Varied | DOR | Study-specific || STRUCTURAL_IMAGING | Cerebral blood flow | Shunt responder vs nonresponder | Varied | Pooled DOR | Study-specific || STRUCTURAL_IMAGING | CT cisternography | Shunt responder vs nonresponder | Varied | Pooled DOR | Study-specific || STRUCTURAL_IMAGING | DESH | Discrimination | Varied | AUC | NR || STRUCTURAL_IMAGING | DESH | Prevalence in iNPH | Varied | Proportion | NR || STRUCTURAL_IMAGING | DESH | Sensitivity | Varied | Sensitivity | NR || STRUCTURAL_IMAGING | DESH | Shunt responder vs nonresponder | Varied | Pooled DOR | Study-specific || STRUCTURAL_IMAGING | DESH | Specificity | Varied | Specificity | NR || STRUCTURAL_IMAGING | Periventricular white matter changes | Shunt responder vs nonresponder | Varied | DOR | Study-specific || SURVIVAL | All shunted NPH | Median survival | Long-term post-shunt | Median | NR || SURVIVAL | mRS ≥3 vs 0–2 | Overall survival | Long-term post-shunt | HR | NR || SURVIVAL | Poor vs good continence score | Overall survival | Long-term post-shunt | HR | NR || SURVIVAL | Poor vs good gait score | Overall survival | Long-term post-shunt | HR | NR || TAP_TEST_DTA | CSF tap test | Post-shunt clinical response | Varied | Sensitivity | Study-specific || TAP_TEST_DTA | CSF tap test | Post-shunt clinical response | Varied | Specificity | Study-specific,BIOMARKERS; COGNITIVE_CHANGE; COMPARATIVE_PROGNOSTIC_TESTS; COMPLEX_PHENOTYPE; ELD_DTA; GAIT_CHANGE; LIT_DTA; ROUT_THRESHOLDS; STRUCTURAL_IMAGING; SURVIVAL; TAP_TEST_DTA,All anchor microcells lost; no matched estimate substitution is allowed.
exclude_all_current_team_authored_reviews,53,10,53,10,11,1,COMPLEX_PHENOTYPE | Complex iNPH; within-group pre-post | Post-shunt Cognition | Varied | SMCR | NA || COMPLEX_PHENOTYPE | Complex iNPH; within-group pre-post | Post-shunt Gait | Varied | SMCR | NA || COMPLEX_PHENOTYPE | Complex iNPH; within-group pre-post | Post-shunt General function | Varied | SMCR | NA || COMPLEX_PHENOTYPE | Complex iNPH; within-group pre-post | Post-shunt Incontinence | Varied | SMCR | NA || COMPLEX_PHENOTYPE | Complex minus pure iNPH phenotype | Difference in post-shunt Cognition change | Varied | Difference in SMCR | NA || COMPLEX_PHENOTYPE | Complex minus pure iNPH phenotype | Difference in post-shunt Gait change | Varied | Difference in SMCR | NA || COMPLEX_PHENOTYPE | Complex minus pure iNPH phenotype | Difference in post-shunt General function change | Varied | Difference in SMCR | NA || COMPLEX_PHENOTYPE | Complex minus pure iNPH phenotype | Difference in post-shunt Incontinence change | Varied | Difference in SMCR | NA || COMPLEX_PHENOTYPE | Complex vs pure iNPH phenotype | Global shunt response | Varied follow-up | OR | NA || COMPLEX_PHENOTYPE | Complex vs pure iNPH phenotype | Urinary improvement | Mean ~4 months / varied | OR | NA || COMPLEX_PHENOTYPE | Phenotype × follow-up time | Incontinence trajectory | Months | Meta-regression beta (SMCR/month) | NA,COMPLEX_PHENOTYPE,"Some anchor microcells are lost. This indicates dependence on excluded reviews, not a contradictory pooled effect."
