finding_id,master_id,predictor_category,predictor,measurement_and_cutoff,preoperative_timing,outcome_domain,outcome_definition,response_definition_class,follow_up_category,reference_standard,association_direction,adjusted_or_unadjusted,covariates,studies_k,participants_n,synthesis_type,narrative_or_quantitative_result,evidence_type,clinical_interpretation,pdf,page_or_table,source_component
F-0001,FT-001,Hemodynamic imaging,Baseline global/regional cerebral blood flow,SPECT/PET/MRI perfusion; heterogeneous ROIs/cutoffs,Preoperative,Global response,Post-drainage or post-shunt clinical improvement,AUTHOR_DEFINED,INDETERMINADO,Clinical response after CSF drainage/shunt,NO CONSISTENT ASSOCIATION,UNADJUSTED/NR,NR,NÃO EXTRAÍVEL,NR,STRUCTURED NARRATIVE,Global and regional CBF were consistently reduced in NPH but baseline reductions were not predictive of shunt response.,RESPONSE_CLASSIFIER,Baseline hypoperfusion should not be used alone to deny shunting.,MESCLADOS 2,"M2 pp.48, 69-70",SYSTEMATIC_REVIEW_COMPONENT
F-0002,FT-001,Hemodynamic challenge,Cerebrovascular reactivity,Acetazolamide/SPECT or other vasoreactivity paradigms; heterogeneous thresholds,Preoperative,Global response,Clinical improvement after drainage/shunt,AUTHOR_DEFINED,INDETERMINADO,Clinical response after CSF drainage/shunt,POSITIVE ASSOCIATION,UNADJUSTED/NR,NR,Sparse; NÃO EXTRAÍVEL,NR,STRUCTURED NARRATIVE,Impaired/altered CVR showed greater promise than baseline CBF and was associated with clinical improvement in selected studies.,RESPONSE_CLASSIFIER,Potential rule-in adjunct only; evidence too sparse for exclusion decisions.,MESCLADOS 2,"M2 pp.48, 69-73",SYSTEMATIC_REVIEW_COMPONENT
F-0003,FT-001,Cerebral autoregulation,Dynamic autoregulation metrics,TCD/ICP-derived methods; heterogeneous,Preoperative,Global response,Clinical response after shunt/drainage,NOT_REPORTED,INDETERMINADO,Post-CSF diversion improvement,INCONSISTENT,UNADJUSTED/NR,NR,NÃO EXTRAÍVEL,NR,NARRATIVE,Autoregulation findings were heterogeneous and not established as a reproducible predictor.,RESPONSE_CLASSIFIER,Research-only at present.,MESCLADOS 2,M2 pp.48-77,SYSTEMATIC_REVIEW_COMPONENT
F-0004,FT-002,Outcome measurement,Use of core iNPH cognitive-domain tests,193 distinct tests; 54.4% of studies omitted all core deficits,Preoperative,Cognition,Post-shunt cognitive change,AUTHOR_DEFINED,INDETERMINADO,Within-subject post-shunt change,MEASUREMENT HETEROGENEITY,UNADJUSTED/NR,NR,195,11445,SYSTEMATIC MAPPING,"Cognitive assessment was highly heterogeneous; over half of studies did not assess processing speed, psychomotor speed or executive dysfunction.",OUTCOME_MEASUREMENT,Cognitive non-response may reflect insensitive instrument selection.,MESCLADOS 1,"M1 pp.191, 195-198",SYSTEMATIC_REVIEW_COMPONENT
F-0005,FT-002,Cognitive test,Trail Making Test A,Pooled unstandardized mean difference; clinical threshold based on normative SD/z-score,Preoperative,Cognition,Processing-speed change after shunt,VALIDATED_THRESHOLD,INDETERMINADO,Within-subject post-shunt change,IMPROVEMENT,UNADJUSTED/NR,NR,NR,NR,RANDOM-EFFECTS META-ANALYSIS,Pooled improvement exceeded the prespecified threshold for clinically meaningful change.,OUTCOME_MEASUREMENT,TMT-A is responsive to shunt-related cognitive change.,MESCLADOS 1,"M1 pp.193, 198-200",SYSTEMATIC_REVIEW_COMPONENT
F-0006,FT-002,Cognitive test,Grooved Pegboard—dominant hand,Pooled mean difference; normative SD/z-score benchmarks,Preoperative,Cognition,Psychomotor-speed change after shunt,VALIDATED_THRESHOLD,INDETERMINADO,Within-subject post-shunt change,IMPROVEMENT,UNADJUSTED/NR,NR,NR,NR,RANDOM-EFFECTS META-ANALYSIS,Pooled improvement exceeded thresholds for clinically meaningful change.,OUTCOME_MEASUREMENT,Useful domain-relevant endpoint; not a preoperative predictor.,MESCLADOS 1,"M1 pp.193, 198-200",SYSTEMATIC_REVIEW_COMPONENT
F-0007,FT-002,Cognitive test,Trail Making Test B,Pooled mean difference; normative SD/z-score benchmarks,Preoperative,Cognition,Executive-function change after shunt,VALIDATED_THRESHOLD,INDETERMINADO,Within-subject post-shunt change,IMPROVEMENT,UNADJUSTED/NR,NR,NR,NR,RANDOM-EFFECTS META-ANALYSIS,"Pooled improvement exceeded clinically meaningful thresholds, with greater heterogeneity than TMT-A/pegboard.",OUTCOME_MEASUREMENT,Potential core endpoint but heterogeneity requires standardized administration.,MESCLADOS 1,"M1 pp.193, 198-200",SYSTEMATIC_REVIEW_COMPONENT
F-0008,FT-002,Response definition,Reported post-shunt cognitive improvement rate,Study-author criteria; many arbitrary or subjective,Preoperative,Cognition,Responder proportion,AUTHOR_DEFINED,INDETERMINADO,Study-specific response,HETEROGENEOUS,UNADJUSTED/NR,NR,NÃO EXTRAÍVEL,NÃO EXTRAÍVEL,DESCRIPTIVE POOLING,"Pooled reported cognitive-improvement rate was 56.6%; objectively defined studies yielded 64.2%, but criteria and timing varied widely.",OUTCOME_MEASUREMENT,Do not equate pooled improvement proportions with a validated MCID.,MESCLADOS 1,M1 pp.196-198,SYSTEMATIC_REVIEW_COMPONENT
F-0009,FT-003,Comorbidity phenotype,Complex versus pure iNPH,Neurodegenerative/vascular/biomarker-defined complex phenotype,Preoperative,Global response,Study-defined global response after shunt,AUTHOR_DEFINED,INDETERMINADO,Pure iNPH among shunted patients,LOWER RESPONSE IN COMPLEX,UNADJUSTED/NR,NR,3,NR,HARTUNG-KNAPP RANDOM-EFFECTS,OR 0.31 (95% CI 0.09-1.10); directionally lower global response but not statistically conclusive.,PROGNOSTIC_FACTOR,Complex phenotype increases uncertainty but does not imply absence of benefit.,MESCLADOS 2,M2 pp.81-82,SYSTEMATIC_REVIEW_COMPONENT
F-0010,FT-003,Comorbidity phenotype,Complex versus pure iNPH,Same phenotype definition,Preoperative,Urinary,Study-defined urinary improvement,AUTHOR_DEFINED,INDETERMINADO,Pure iNPH among shunted patients,NO CLEAR DIFFERENCE,UNADJUSTED/NR,NR,3,NR,HARTUNG-KNAPP RANDOM-EFFECTS,OR 0.85 (95% CI 0.58-1.25).,PROGNOSTIC_FACTOR,Urinary benefit was not clearly attenuated by complex phenotype.,MESCLADOS 2,M2 pp.81-82,SYSTEMATIC_REVIEW_COMPONENT
F-0011,FT-003,Comorbidity phenotype,Complex iNPH,Within-complex pre-post change,Preoperative,Cognition,Continuous cognitive score change,STATISTICAL_CHANGE_ONLY,INDETERMINADO,Baseline within shunted complex phenotype,"IMPROVEMENT, IMPRECISE",UNADJUSTED/NR,NR,NR,NR,RANDOM-EFFECTS SMCR,SMCR 0.91 (95% CI -0.04 to 1.87; I² 83.3%).,PROGNOSTIC_FACTOR,Possible cognitive improvement with substantial uncertainty.,MESCLADOS 2,M2 pp.82-84,SYSTEMATIC_REVIEW_COMPONENT
F-0012,FT-003,Comorbidity phenotype,Complex iNPH,Within-complex pre-post change,Preoperative,Gait,Continuous gait change,STATISTICAL_CHANGE_ONLY,INDETERMINADO,Baseline within shunted complex phenotype,NEAR NULL,UNADJUSTED/NR,NR,NR,NR,RANDOM-EFFECTS SMCR,SMCR -0.22; highly heterogeneous (full CI in article).,PROGNOSTIC_FACTOR,Pooled gait response in complex iNPH was inconsistent.,MESCLADOS 2,M2 pp.82-84,SYSTEMATIC_REVIEW_COMPONENT
F-0013,FT-003,Comorbidity phenotype,Complex iNPH,Within-complex pre-post change,Preoperative,Urinary,Continuous incontinence change,STATISTICAL_CHANGE_ONLY,INDETERMINADO,Baseline within shunted complex phenotype,SMALL IMPROVEMENT,UNADJUSTED/NR,NR,NR,NR,RANDOM-EFFECTS SMCR,SMCR 0.17 (95% CI -0.12 to 0.46; I² 0%).,PROGNOSTIC_FACTOR,"Small, imprecise urinary change; not a basis to exclude surgery.",MESCLADOS 2,M2 pp.82-84,SYSTEMATIC_REVIEW_COMPONENT
F-0014,FT-003,Time/phenotype,Complex phenotype × follow-up time,Exploratory multilevel meta-regression,Preoperative,Urinary,Continuous incontinence change over time,STATISTICAL_CHANGE_ONLY,LONGO,Within-complex post-shunt trajectories,POSSIBLE INTERACTION,META-REGRESSION,"Follow-up time, phenotype",Sparse,NR,MULTILEVEL META-REGRESSION,Exploratory phenotype-by-time signal for incontinence; sparse support and hypothesis-generating.,PROGNOSTIC_FACTOR,Do not use to time or withhold surgery without replication.,MESCLADOS 2,M2 pp.83-86,SYSTEMATIC_REVIEW_COMPONENT
F-0015,FT-004,CSF biomarker,Aβ42 / amyloid profile,Preoperative CSF concentration/ratios; heterogeneous assays,Preoperative,Global/cognition,Post-VPS response,AUTHOR_DEFINED,INDETERMINADO,Responder versus non-responder,"POTENTIAL ASSOCIATION, INCONSISTENT",UNADJUSTED/NR,NR,Subset of 9 prognostic reports,NR,NARRATIVE,Amyloid-related markers showed preliminary prognostic associations but were not clinically validated.,PROGNOSTIC_FACTOR,Candidate adjunct; not a standalone rule-out marker.,MESCLADOS 2,"M2 pp.23, 35-40",SYSTEMATIC_REVIEW_COMPONENT
F-0016,FT-004,CSF biomarker,Tau / phosphorylated tau,Preoperative CSF concentrations; heterogeneous assays,Preoperative,Global/cognition,Post-VPS response,AUTHOR_DEFINED,INDETERMINADO,Responder versus non-responder,HIGHER NEURODEGENERATIVE BURDEN TENDS TO WORSE RESPONSE,UNADJUSTED/NR,NR,Subset,NR,NARRATIVE,Tau-related profiles were linked to comorbid neurodegeneration and poorer/less durable response in some studies.,PROGNOSTIC_FACTOR,"Supports phenotype-aware counseling, not exclusion.",MESCLADOS 2,M2 pp.35-40,SYSTEMATIC_REVIEW_COMPONENT
F-0017,FT-004,CSF biomarker,AQP4,Preoperative CSF level,Preoperative,Global response,Post-VPS response,AUTHOR_DEFINED,INDETERMINADO,Responder versus non-responder,LOWER LEVEL REPORTED IN RESPONDERS,UNADJUSTED/NR,NR,1,NR,NARRATIVE,Lower preoperative AQP4 was reported in responders in one study; no validated cutoff.,PROGNOSTIC_FACTOR,Exploratory only.,MESCLADOS 2,"M2 pp.26, 36",SYSTEMATIC_REVIEW_COMPONENT
F-0018,FT-004,Proteomic panel,Multidimensional CSF protein signature,Exploratory proteomics/panel models,Preoperative,Global/gait/cognition,Post-VPS response,AUTHOR_DEFINED,INDETERMINADO,Responder versus non-responder,PROMISING BUT UNVALIDATED,UNADJUSTED/NR,NR,Multiple exploratory studies,NR,NARRATIVE,"Panels appeared more informative than single proteins, but studies were heterogeneous and predominantly exploratory.",PROGNOSTIC_FACTOR,Requires prospective external validation before surgical use.,MESCLADOS 2,"M2 pp.23, 41-46",SYSTEMATIC_REVIEW_COMPONENT
F-0019,FT-004,CSF biomarker,"Inflammatory/ECM proteins including DSG2, ITGB1, QPCT, RBP4",Proteomic abundance; no common cutoff,Preoperative,Global/gait,Post-VPS response,AUTHOR_DEFINED,INDETERMINADO,Responder versus non-responder,MIXED CANDIDATE SIGNALS,UNADJUSTED/NR,NR,Sparse,NR,NARRATIVE,"Several proteins differed between responders and non-responders, often in single studies without replication.",PROGNOSTIC_FACTOR,Hypothesis-generating; no clinical threshold.,MESCLADOS 2,M2 pp.39-44,SYSTEMATIC_REVIEW_COMPONENT
F-0020,FT-005,Outcome measurement,Neuropsychological test battery heterogeneity,"MMSE, TMT, FAB, fluency, memory, visuospatial and psychomotor tests",Preoperative,Cognition,Pre/post shunt cognitive trajectory,AUTHOR_DEFINED,INDETERMINADO,Within-subject change,HETEROGENEOUS,UNADJUSTED/NR,NR,10,NR,POOLED DESCRIPTIVE,Domains and follow-up intervals varied; weighted means showed domain-specific trajectories with large pooled variability.,OUTCOME_MEASUREMENT,Use a core battery rather than MMSE alone.,MESCLADOS 2,M2 pp.236-245,SYSTEMATIC_REVIEW_COMPONENT
F-0021,FT-005,Cognitive test,MMSE,Weighted mean/pooled SD at baseline and 3-24 months,Preoperative,Cognition,Global cognitive change,STATISTICAL_CHANGE_ONLY,LONGO,Within-subject change,MODEST IMPROVEMENT,UNADJUSTED/NR,NR,NR,NR,POOLED DESCRIPTIVE,MMSE generally improved within the first year; variability was substantial.,OUTCOME_MEASUREMENT,MMSE is insufficiently sensitive to frontal-subcortical change when used alone.,MESCLADOS 2,M2 pp.239-244,SYSTEMATIC_REVIEW_COMPONENT
F-0022,FT-005,Cognitive tests,TMT-A/TMT-B and FAB,Repeated neuropsychological scores,Preoperative,Cognition,Executive/processing change,STATISTICAL_CHANGE_ONLY,INTERMEDIÁRIO,Within-subject change,IMPROVEMENT IN SOME COHORTS,UNADJUSTED/NR,NR,NR,NR,POOLED DESCRIPTIVE,Executive and psychomotor measures demonstrated postoperative change but with wide dispersion.,OUTCOME_MEASUREMENT,Domain-specific tools improve sensitivity to response.,MESCLADOS 2,M2 pp.239-244,SYSTEMATIC_REVIEW_COMPONENT
F-0023,FT-005,Response measurement,Follow-up schedule,"T0, 3, 6, 12, 24 months",Preoperative,Cognition,Cognitive trajectory after shunt,NOT_REPORTED,LONGO,Within-subject change,TIME-DEPENDENT,UNADJUSTED/NR,NR,10,NR,POOLED DESCRIPTIVE,"Recovery patterns differed by domain and time, arguing against a single universal cognitive endpoint.",OUTCOME_MEASUREMENT,Prespecify domain and follow-up window.,MESCLADOS 2,M2 pp.237-245,SYSTEMATIC_REVIEW_COMPONENT
F-0024,FT-007,Outcome measurement,Depression symptom scores,Validated depression scales; heterogeneous,Preoperative,Neuropsychiatric,Change after iNPH treatment,STATISTICAL_CHANGE_ONLY,INDETERMINADO,Pre/post treatment,POSSIBLE IMPROVEMENT,UNADJUSTED/NR,NR,NR,NR,RANDOM-EFFECTS SMD,Pooled change -0.30 (95% CI -0.62 to 0.01; I² 73.9%); CI included null.,OUTCOME_MEASUREMENT,"Potential benefit, but not a validated responder definition.",MESCLADOS 1,"M1 pp.37, 42-44",SYSTEMATIC_REVIEW_COMPONENT
F-0025,FT-007,Neuropsychiatric phenotype,Apathy,Validated tools/clinical diagnosis,Preoperative,Neuropsychiatric,"Baseline prevalence, not prediction",NOT_REPORTED,,,HIGH PREVALENCE,UNADJUSTED/NR,NR,NR,293,RANDOM-EFFECTS PROPORTION,Pooled prevalence 69.2% (95% CI 63.1-74.6).,OUTCOME_MEASUREMENT,Apathy should be measured separately from cognition; response data were sparse.,MESCLADOS 1,"M1 pp.37, 41-42",SYSTEMATIC_REVIEW_COMPONENT
F-0026,FT-007,Outcome measurement,Neuropsychiatric response definitions,Multiple instruments and clinician diagnoses,Preoperative,Neuropsychiatric,Post-treatment symptom response,AUTHOR_DEFINED,INDETERMINADO,Pre/post treatment,HETEROGENEOUS,UNADJUSTED/NR,NR,22,NR,SYSTEMATIC REVIEW,Treatment-response evidence was limited and dominated by depression; other symptom domains lacked robust longitudinal data.,OUTCOME_MEASUREMENT,Do not infer global shunt non-response from persistent apathy or behavioral symptoms.,MESCLADOS 1,M1 pp.37-47,SYSTEMATIC_REVIEW_COMPONENT
F-0027,FT-008,Atypical symptom,Dysphagia/speech impairment and other neurological manifestations,Clinical presence and reported post-shunt resolution,Preoperative,Atypical symptoms,Symptom-specific change,AUTHOR_DEFINED,INDETERMINADO,Post-CSF diversion symptom course,VARIABLE,UNADJUSTED/NR,NR,27,NR,DESCRIPTIVE,Post-shunt resolution varied by symptom; dysphagia was reported preoperatively in one cohort and outcomes were not standardized.,OUTCOME_MEASUREMENT,Atypical domains require separate counseling and measurement.,MESCLADOS 1,M1 pp.129-141,SYSTEMATIC_REVIEW_COMPONENT
F-0028,FT-008,Atypical symptom,Neuropsychiatric manifestations,"Psychosis, depression, apathy, aggression, mania",Preoperative,Neuropsychiatric,Symptom resolution after CSF diversion,AUTHOR_DEFINED,INDETERMINADO,Post-CSF diversion,HIGHLY VARIABLE,UNADJUSTED/NR,NR,27,NR,DESCRIPTIVE,Complete resolution ranged from 0% for some symptoms to 100% in isolated manifestations; evidence was often small-series based.,OUTCOME_MEASUREMENT,Symptom-specific response cannot be generalized to the classic triad.,MESCLADOS 1,M1 pp.129-141,SYSTEMATIC_REVIEW_COMPONENT
F-0029,FT-008,Response definition,Complete versus partial symptom resolution,Author-reported; no common threshold,Preoperative,Atypical symptoms,Post-shunt response,AUTHOR_DEFINED,INDETERMINADO,Post-CSF diversion,NONSTANDARD,UNADJUSTED/NR,NR,27,NR,DESCRIPTIVE,No validated composite definition for atypical symptom response.,OUTCOME_MEASUREMENT,Use explicit symptom-level endpoints.,MESCLADOS 1,M1 pp.129-141,SYSTEMATIC_REVIEW_COMPONENT
F-0030,FT-010,CSF dynamics,Resistance to CSF outflow (Rout),LIT cutoff 12 mmHg/ml/min,Preoperative,Global response,Symptomatic improvement after shunt,AUTHOR_DEFINED,INDETERMINADO,Shunt outcome,POSITIVE TEST HAS LIMITED DISCRIMINATION,UNADJUSTED/NR,NR,Up to 5,NR,BAYESIAN DIAGNOSTIC META-ANALYSIS,Sensitivity 76.9%; specificity 34.0%.,RESPONSE_CLASSIFIER,Threshold changes trade sensitivity for specificity; no cutoff reliably excludes benefit.,MESCLADOS 3,"M3 pp.172, 176-178",SYSTEMATIC_REVIEW_COMPONENT
F-0031,FT-010,CSF dynamics,Resistance to CSF outflow (Rout),LIT cutoff 14 mmHg/ml/min,Preoperative,Global response,Symptomatic improvement after shunt,AUTHOR_DEFINED,INDETERMINADO,Shunt outcome,POSITIVE TEST HAS LIMITED DISCRIMINATION,UNADJUSTED/NR,NR,Up to 5,NR,BAYESIAN DIAGNOSTIC META-ANALYSIS,Sensitivity 81.6%; specificity 37.2%.,RESPONSE_CLASSIFIER,Threshold changes trade sensitivity for specificity; no cutoff reliably excludes benefit.,MESCLADOS 3,"M3 pp.172, 176-178",SYSTEMATIC_REVIEW_COMPONENT
F-0032,FT-010,CSF dynamics,Resistance to CSF outflow (Rout),LIT cutoff 18 mmHg/ml/min,Preoperative,Global response,Symptomatic improvement after shunt,AUTHOR_DEFINED,INDETERMINADO,Shunt outcome,POSITIVE TEST HAS LIMITED DISCRIMINATION,UNADJUSTED/NR,NR,Up to 5,NR,BAYESIAN DIAGNOSTIC META-ANALYSIS,Sensitivity 36.6%; specificity 78.0%.,RESPONSE_CLASSIFIER,Threshold changes trade sensitivity for specificity; no cutoff reliably excludes benefit.,MESCLADOS 3,"M3 pp.172, 176-178",SYSTEMATIC_REVIEW_COMPONENT
F-0033,FT-010,CSF dynamics,Negative lumbar infusion test,Rout thresholds 12-18,Preoperative,Global response,No symptomatic improvement after shunt,AUTHOR_DEFINED,INDETERMINADO,Shunt outcome,POOR RULE-OUT,UNADJUSTED/NR,NR,5,NR,BAYESIAN META-ANALYSIS,Negative predictive value was at most 33.3%.,RESPONSE_CLASSIFIER,A negative LIT should not exclude a patient from shunting.,MESCLADOS 3,"M3 pp.172, 176-179",SYSTEMATIC_REVIEW_COMPONENT
F-0034,FT-011,Invasive test,Lumbar puncture/tap response,Study-specific gait/cognitive criteria,Preoperative,Global response,Post-shunt response,AUTHOR_DEFINED,INDETERMINADO,Shunt outcome,MIXED,UNADJUSTED/NR,NR,Subset of 10,NR,NARRATIVE,Invasive tests showed variable predictive performance across small heterogeneous studies.,RESPONSE_CLASSIFIER,Use as one component of multimodal selection.,MESCLADOS 3,M3 pp.194-204,SYSTEMATIC_REVIEW_COMPONENT
F-0035,FT-011,Invasive test,Infusion testing,Rout/CSF dynamics; heterogeneous,Preoperative,Global response,Post-shunt response,AUTHOR_DEFINED,INDETERMINADO,Shunt outcome,MIXED,UNADJUSTED/NR,NR,Subset,NR,NARRATIVE,No single infusion parameter consistently separated responders from non-responders.,RESPONSE_CLASSIFIER,Negative results are not exclusionary.,MESCLADOS 3,M3 pp.194-204,SYSTEMATIC_REVIEW_COMPONENT
F-0036,FT-011,Non-invasive test,EEG/TCD/intracranial compliance/OCT,Heterogeneous experimental metrics,Preoperative,Global response,Post-shunt response,AUTHOR_DEFINED,INDETERMINADO,Shunt outcome,PRELIMINARY,UNADJUSTED/NR,NR,Sparse,401,NARRATIVE,Non-invasive methods were promising in isolated studies but lacked external validation.,RESPONSE_CLASSIFIER,Research use only.,MESCLADOS 3,M3 pp.194-204,SYSTEMATIC_REVIEW_COMPONENT
F-0037,FT-011,Multimodal selection,Combination of invasive and non-invasive markers,No standardized model,Preoperative,Global response,Post-shunt response,AUTHOR_DEFINED,INDETERMINADO,Shunt outcome,POTENTIALLY ADDITIVE,UNADJUSTED/NR,NR,10,401,NARRATIVE,Review favored combined assessment rather than reliance on a single test.,RESPONSE_CLASSIFIER,Multimodal evaluation is plausible but not formally validated.,MESCLADOS 3,M3 pp.194-205,SYSTEMATIC_REVIEW_COMPONENT
F-0038,FT-012,Temporary CSF test,CSF tap test,Study-specific positivity cutoffs,Preoperative,Global response,Post-shunt clinical/functional improvement,AUTHOR_DEFINED,INDETERMINADO,Shunt surgery,MODEST ACCURACY,UNADJUSTED/NR,NR,9,700,BIVARIATE RANDOM-EFFECTS DTA,Sensitivity 64.1% (95% CI 49.2–76.6); I² 81.3%.,RESPONSE_CLASSIFIER,Sensitivity is incomplete; a negative test cannot safely rule out response.,OFFICIAL_FRONTIERS_ACCEPTED_ABSTRACT,Official accepted abstract—Results,SYSTEMATIC_REVIEW_COMPONENT
F-0039,FT-012,Temporary CSF test,CSF tap test,Study-specific positivity cutoffs,Preoperative,Global response,Post-shunt clinical/functional improvement,AUTHOR_DEFINED,INDETERMINADO,Shunt surgery,MODEST ACCURACY,UNADJUSTED/NR,NR,9,700,BIVARIATE RANDOM-EFFECTS DTA,Specificity 54.8% (95% CI 41.8–67.2); I² 59.7%.,RESPONSE_CLASSIFIER,"A positive result may support selection, but poor specificity limits standalone rule-in.",OFFICIAL_FRONTIERS_ACCEPTED_ABSTRACT,Official accepted abstract—Results,SYSTEMATIC_REVIEW_COMPONENT
F-0040,FT-012,Temporary CSF test,Lumbar infusion test,Study-specific positivity cutoffs,Preoperative,Global response,Post-shunt clinical/functional improvement,AUTHOR_DEFINED,INDETERMINADO,Shunt surgery,MODEST ACCURACY,UNADJUSTED/NR,NR,5,368,BIVARIATE RANDOM-EFFECTS DTA,Sensitivity 77.5% (95% CI 70.2–83.4); I² 14.7%.,RESPONSE_CLASSIFIER,Sensitivity is incomplete; a negative test cannot safely rule out response.,OFFICIAL_FRONTIERS_ACCEPTED_ABSTRACT,Official accepted abstract—Results,SYSTEMATIC_REVIEW_COMPONENT
F-0041,FT-012,Temporary CSF test,Lumbar infusion test,Study-specific positivity cutoffs,Preoperative,Global response,Post-shunt clinical/functional improvement,AUTHOR_DEFINED,INDETERMINADO,Shunt surgery,MODEST ACCURACY,UNADJUSTED/NR,NR,5,368,BIVARIATE RANDOM-EFFECTS DTA,Specificity 28.3% (95% CI 19.0–39.9); I² 4.6%.,RESPONSE_CLASSIFIER,"A positive result may support selection, but poor specificity limits standalone rule-in.",OFFICIAL_FRONTIERS_ACCEPTED_ABSTRACT,Official accepted abstract—Results,SYSTEMATIC_REVIEW_COMPONENT
F-0042,FT-013,Clinical history,Duration of symptoms,Reported months/years before VP shunt; heterogeneous cutpoints,Preoperative,Global response,Study-defined clinical outcome,AUTHOR_DEFINED,INDETERMINADO,Post-VP-shunt outcome,INCONSISTENT,UNADJUSTED/NR,NR,24,1169,NARRATIVE,Some studies associated shorter duration (often ≤2 years) with better outcome; others found no clear relationship.,PROGNOSTIC_FACTOR,"Earlier referral is reasonable, but duration alone should not exclude surgery.",MESCLADOS 2,M2 pp.220-232,SYSTEMATIC_REVIEW_COMPONENT
F-0043,FT-013,Clinical history,Shorter symptom duration,"Various thresholds, often ≤2 years",Preoperative,Gait/cognition,Pre/post MMSE/TUG or clinical improvement,AUTHOR_DEFINED,INTERMEDIÁRIO,Post-shunt change,TENDS TO BETTER RESPONSE,UNADJUSTED/NR,NR,Subset,NR,NARRATIVE,"Direction generally favored shorter symptom duration, with substantial methodological heterogeneity.",PROGNOSTIC_FACTOR,"Use for counseling, not deterministic selection.",MESCLADOS 2,M2 pp.225-232,SYSTEMATIC_REVIEW_COMPONENT
F-0044,FT-013,Clinical history,Long symptom duration,Continuous or categorical,Preoperative,Global response,Post-shunt response,AUTHOR_DEFINED,LONGO,Post-shunt outcome,NOT A RELIABLE RULE-OUT,UNADJUSTED/NR,NR,Subset,NR,NARRATIVE,Long duration did not uniformly preclude meaningful improvement.,PROGNOSTIC_FACTOR,Avoid denying shunt solely due to chronicity.,MESCLADOS 2,M2 pp.225-232,SYSTEMATIC_REVIEW_COMPONENT
F-0045,FT-015,Clinical/imaging selection,Guideline-compatible probable iNPH phenotype,Triad spectrum + ventriculomegaly/DESH and exclusion of mimics,Preoperative,Global response,Clinical improvement after shunt,CLINICAL_JUDGMENT,INDETERMINADO,Post-shunt outcome,SUPPORTIVE,UNADJUSTED/NR,NR,73,NR,NARRATIVE/ALGORITHM,"Algorithm emphasizes integrated clinical, imaging and CSF testing rather than any single predictor.",RESPONSE_CLASSIFIER,Selection should be multimodal and staged.,MESCLADOS 2,M2 pp.174-183,SYSTEMATIC_REVIEW_COMPONENT
F-0046,FT-015,Temporary CSF drainage,Positive high-volume lumbar puncture response,Study-specific gait/cognitive criteria,Preoperative,Global response,Post-shunt improvement,AUTHOR_DEFINED,INDETERMINADO,Shunt outcome,POSITIVE ASSOCIATION,UNADJUSTED/NR,NR,Multiple,NR,NARRATIVE,Positive drainage response was treated as supportive of shunt benefit.,RESPONSE_CLASSIFIER,Positive test can rule in probabilistically; negative test not exclusionary.,MESCLADOS 2,M2 pp.174-183,SYSTEMATIC_REVIEW_COMPONENT
F-0047,FT-015,CSF dynamics,Infusion test / ICP measurement,Heterogeneous parameters,Preoperative,Global response,Post-shunt improvement,AUTHOR_DEFINED,INDETERMINADO,Shunt outcome,SUPPORTIVE IN SELECTED CASES,UNADJUSTED/NR,NR,Multiple,NR,NARRATIVE,Presented as alternatives when tap-test findings are equivocal.,RESPONSE_CLASSIFIER,Specialist adjuncts; thresholds not standardized.,MESCLADOS 2,M2 pp.174-183,SYSTEMATIC_REVIEW_COMPONENT
F-0048,FT-015,Outcome measurement,Repeated domain assessment,"Gait, cognition and urinary function before/after drainage and shunt",Preoperative,Global response,Composite clinical response,AUTHOR_DEFINED,INDETERMINADO,Post-shunt outcome,RECOMMENDED,UNADJUSTED/NR,NR,73,NR,ALGORITHM,Serial standardized testing was recommended to reduce subjective classification.,OUTCOME_MEASUREMENT,Document domain-specific baseline and follow-up.,MESCLADOS 2,M2 pp.174-183,SYSTEMATIC_REVIEW_COMPONENT
F-0049,FT-016,Tap-test protocol,CSF removal volume,Large-volume LP; protocols varied widely,Preoperative,Global/gait response,Temporary CSF response and subsequent shunt response,AUTHOR_DEFINED,CURTO,Shunt outcome where reported,NO VALIDATED OPTIMAL VOLUME,UNADJUSTED/NR,NR,222,80322,SYSTEMATIC REVIEW,Evidence did not establish a single volume that maximizes predictive validity.,RESPONSE_CLASSIFIER,Protocol standardization is needed; volume alone is not a predictor.,MESCLADOS 1,M1 pp.48-59,SYSTEMATIC_REVIEW_COMPONENT
F-0050,FT-016,Gait test,Timed Up and Go,Most frequently used gait assessment; thresholds varied,Preoperative,Gait,Post-tap change,AUTHOR_DEFINED,CURTO,Temporary drainage response; shunt in subset,RESPONSIVE BUT NONSTANDARD,UNADJUSTED/NR,NR,68,NR,SYSTEMATIC MAPPING,TUG was the most commonly used specific gait test; no universal positivity threshold.,OUTCOME_MEASUREMENT,Record absolute and percent change with timing.,MESCLADOS 1,M1 pp.52-58,SYSTEMATIC_REVIEW_COMPONENT
F-0051,FT-016,Gait test,Timed 10-meter walk / gait velocity,Most common walk test; suggested standardized calculation,Preoperative,Gait,Post-tap change,AUTHOR_DEFINED,CURTO,Temporary drainage response,RESPONSIVE,UNADJUSTED/NR,NR,49,NR,SYSTEMATIC MAPPING,Gait velocity over 10 m was frequently used and included in the proposed standardized protocol.,OUTCOME_MEASUREMENT,Useful core endpoint when protocol/timing are fixed.,MESCLADOS 1,M1 pp.52-59,SYSTEMATIC_REVIEW_COMPONENT
F-0052,FT-016,Cognitive response,Post-tap cognition,MoCA/other tests; no minimum threshold defined,Preoperative,Cognition,Post-tap change,NOT_REPORTED,CURTO,Temporary drainage response and shunt outcome,UNCERTAIN,UNADJUSTED/NR,NR,NR,NR,NARRATIVE,Minimum cognitive-improvement threshold and sufficiency without gait improvement were unresolved.,OUTCOME_MEASUREMENT,Do not classify cognitive response using an unvalidated cutoff.,MESCLADOS 1,M1 p.58,SYSTEMATIC_REVIEW_COMPONENT
F-0053,FT-016,Urinary response,Post-tap urinary change,Patient report/clinical assessment; no minimum threshold,Preoperative,Urinary,Post-tap change,PATIENT_CAREGIVER_REPORT,CURTO,Temporary drainage response and shunt outcome,UNCERTAIN,UNADJUSTED/NR,NR,NR,NR,NARRATIVE,Minimum urinary-change threshold was not defined.,OUTCOME_MEASUREMENT,Record separately; do not require gait-only response.,MESCLADOS 1,M1 p.58,SYSTEMATIC_REVIEW_COMPONENT
F-0054,FT-016,Response classifier,Negative tap test,No standardized definition,Preoperative,Global response,Post-shunt improvement despite negative tap,AUTHOR_DEFINED,INDETERMINADO,Shunt outcome,POOR RULE-OUT,UNADJUSTED/NR,NR,Multiple,NR,NARRATIVE,Review cautioned against using a negative tap test as the sole basis to deny shunting.,RESPONSE_CLASSIFIER,"Negative test should trigger broader evaluation, not automatic exclusion.",MESCLADOS 1,M1 pp.56-59,SYSTEMATIC_REVIEW_COMPONENT
F-0055,FT-018,Outcome measurement,Spatiotemporal gait parameters,Instrumented and clinical gait measures,Preoperative,Gait,Change after CSF removal/shunt,STATISTICAL_CHANGE_ONLY,INDETERMINADO,Pre/post intervention,GENERALLY IMPROVES,UNADJUSTED/NR,NR,29,NR,NARRATIVE,"Gait speed, stride length and related parameters commonly improved after tap or shunt, but protocols varied.",OUTCOME_MEASUREMENT,Objective gait metrics are preferable to unstructured judgment.,MESCLADOS 2,M2 pp.149-159,SYSTEMATIC_REVIEW_COMPONENT
F-0056,FT-018,Outcome measurement,Physical activity behavior,Wearable/activity-monitor measures,Preoperative,Mobility,Change after treatment,STATISTICAL_CHANGE_ONLY,LONGO,Pre/post treatment,INSUFFICIENT EVIDENCE,UNADJUSTED/NR,NR,2,NR,NARRATIVE,Very few studies assessed real-world activity; laboratory gait improvement may not equal daily-life recovery.,OUTCOME_MEASUREMENT,Add patient-centered activity endpoints.,MESCLADOS 2,M2 pp.149-159,SYSTEMATIC_REVIEW_COMPONENT
F-0057,FT-018,Clinical factor,Age/symptom duration/treatment method,Heterogeneous,Preoperative,Gait,Change after treatment,AUTHOR_DEFINED,INDETERMINADO,Post-treatment gait,"POSSIBLE MODIFIERS, NOT FORMALLY TESTED",UNADJUSTED/NR,NR,32,1315,NARRATIVE,"Review noted that gait change may depend on age, symptom duration and treatment method, without consistent adjusted evidence.",PROGNOSTIC_FACTOR,Exploratory associations only.,MESCLADOS 2,M2 pp.149-159,SYSTEMATIC_REVIEW_COMPONENT
F-0058,FT-018,Response measurement,Laboratory gait versus real-world mobility,Multiple instruments,Preoperative,Mobility,Treatment response,NOT_REPORTED,INDETERMINADO,Pre/post treatment,NON-EQUIVALENT,UNADJUSTED/NR,NR,32,1315,NARRATIVE,Evidence base was strong for laboratory gait but weak for free-living physical activity.,OUTCOME_MEASUREMENT,Counsel that measured gait gains may not fully capture independence.,MESCLADOS 2,M2 pp.149-159,SYSTEMATIC_REVIEW_COMPONENT
F-0059,FT-020,Gait parameter,Gait velocity,Timed/instrumented walking,Preoperative,Gait,Change after tap test or shunt,STATISTICAL_CHANGE_ONLY,INDETERMINADO,Pre/post intervention,IMPROVEMENT,UNADJUSTED/NR,NR,27,NR,NARRATIVE,Velocity was among the most consistently responsive parameters after CSF removal and shunting.,OUTCOME_MEASUREMENT,Core objective endpoint.,MESCLADOS 1,M1 pp.226-247,SYSTEMATIC_REVIEW_COMPONENT
F-0060,FT-020,Gait parameter,Stride length,Instrumented gait,Preoperative,Gait,Change after tap/shunt,STATISTICAL_CHANGE_ONLY,INDETERMINADO,Pre/post intervention,IMPROVEMENT,UNADJUSTED/NR,NR,27,NR,NARRATIVE,"Stride length commonly increased, though effect magnitude and timing varied.",OUTCOME_MEASUREMENT,Useful alongside speed and turning metrics.,MESCLADOS 1,M1 pp.226-247,SYSTEMATIC_REVIEW_COMPONENT
F-0061,FT-020,Gait task,Dual-task gait,Cognitive-motor dual task,Preoperative,Gait,Change after tap/shunt,STATISTICAL_CHANGE_ONLY,CURTO,Pre/post intervention,VARIABLE,UNADJUSTED/NR,NR,Subset,NR,NARRATIVE,"Dual-task measures may reveal deficits not captured by single-task walking, but response evidence was inconsistent.",OUTCOME_MEASUREMENT,Potential sensitive endpoint; standardization needed.,MESCLADOS 1,M1 pp.226-247,SYSTEMATIC_REVIEW_COMPONENT
F-0062,FT-020,Response measurement,Tap-test versus shunt gait response,Heterogeneous tests/timing,Preoperative,Gait,Short-term and postoperative change,AUTHOR_DEFINED,INDETERMINADO,Shunt response,"CORRELATED IN SOME STUDIES, NOT IDENTICAL",UNADJUSTED/NR,NR,27,NR,NARRATIVE,Acute gait response after tap and later shunt response were related but not interchangeable.,RESPONSE_CLASSIFIER,Do not count tap response as shunt response.,MESCLADOS 1,M1 pp.226-247,SYSTEMATIC_REVIEW_COMPONENT
F-0063,FT-021,Machine learning,ML model using clinical/imaging features,Various algorithms; no common cutoff,Preoperative,Global response,Post-shunt responder status,AUTHOR_DEFINED,INDETERMINADO,Shunt outcome,"PROMISING, HIGH RISK OF BIAS",UNADJUSTED/NR,NR,4,262,SWIM/NARRATIVE,Four studies predicted post-shunt response; performance estimates were heterogeneous and validation limited.,RESPONSE_CLASSIFIER,Not ready for surgical decision support.,MESCLADOS 1,M1 pp.149-158,SYSTEMATIC_REVIEW_COMPONENT
F-0064,FT-021,Machine learning,ML model predicting temporary drainage response,Various algorithms,Preoperative,Gait/global,Response after tap/ELD,AUTHOR_DEFINED,CURTO,Temporary drainage response,NOT SHUNT RESPONSE,UNADJUSTED/NR,NR,4,217,SWIM/NARRATIVE,Four studies predicted drainage response and must not be interpreted as direct prediction of shunt benefit.,RESPONSE_CLASSIFIER,Reference-standard mismatch limits clinical translation.,MESCLADOS 1,M1 pp.149-158,SYSTEMATIC_REVIEW_COMPONENT
F-0065,FT-021,Model validation,External validation,Held-out/external cohorts,Preoperative,Global response,Model discrimination/calibration,AUTHOR_DEFINED,INDETERMINADO,Shunt or drainage response,RARE/ABSENT,UNADJUSTED/NR,NR,8,479,PROBAST-INFORMED NARRATIVE,Most models lacked robust external validation and calibration reporting.,RESPONSE_CLASSIFIER,High optimism risk.,MESCLADOS 1,M1 pp.152-158,SYSTEMATIC_REVIEW_COMPONENT
F-0066,FT-021,Predictor set,Multimodal clinical + imaging features,Heterogeneous feature engineering,Preoperative,Global response,Model-predicted response,AUTHOR_DEFINED,INDETERMINADO,Shunt response subset,POTENTIALLY ADDITIVE,UNADJUSTED/NR,NR,8,479,NARRATIVE,"Combined features generally appeared more promising than single markers, without proof of transportability.",RESPONSE_CLASSIFIER,Prospective validation and decision-curve analysis needed.,MESCLADOS 1,M1 pp.149-158,SYSTEMATIC_REVIEW_COMPONENT
F-0067,FT-022,Structural MRI,Evans index >0.4,Binary threshold in own cohort,Preoperative,Global response,Study-defined shunt response,AUTHOR_DEFINED,CURTO,Post-shunt response at 1 month,LOWER RESPONSE,UNIVARIABLE,NR,1,192,OWN COHORT LOGISTIC REGRESSION,OR 0.31 (95% CI 0.12-0.81; p=0.017) at 1 month.,PROGNOSTIC_FACTOR,Short-term association in one cohort; not sustained at 1 year.,MESCLADOS 3,M3 pp.208-211,OWN_COHORT
F-0068,FT-022,Structural MRI,Evans index >0.4,Same threshold,Preoperative,Global response,Study-defined shunt response,AUTHOR_DEFINED,INTERMEDIÁRIO,Post-shunt response at 1 year,NO ASSOCIATION,UNIVARIABLE,NR,1,192,OWN COHORT LOGISTIC REGRESSION,OR 0.50 (95% CI 0.18-1.38; p=0.182).,PROGNOSTIC_FACTOR,Not a reliable long-term classifier.,MESCLADOS 3,M3 pp.208-211,OWN_COHORT
F-0069,FT-022,Structural MRI,DESH/high-convexity tightness/Sylvian fissure enlargement,Visual binary features,Preoperative,Global response,Shunt response,AUTHOR_DEFINED,INTERMEDIÁRIO,Post-shunt response,NO ASSOCIATION IN OWN COHORT,UNIVARIABLE,NR,1,192,OWN COHORT,None significantly predicted 1-year response.,PROGNOSTIC_FACTOR,Absence should not exclude shunting.,MESCLADOS 3,M3 pp.209-211,OWN_COHORT
F-0070,FT-022,Structural MRI,Preoperative MRI markers,21-study systematic component,Preoperative,Global response,Post-shunt response,AUTHOR_DEFINED,INDETERMINADO,Shunt response,INCONSISTENT,UNADJUSTED/NR,NR,21,NÃO EXTRAÍVEL,SYSTEMATIC REVIEW/META-ANALYSIS,"Across 21 studies, no preoperative MRI feature was sufficiently consistent as a standalone predictor.",RESPONSE_CLASSIFIER,"Use imaging for diagnosis/phenotyping, not solitary exclusion.",MESCLADOS 3,M3 pp.208-213,SYSTEMATIC_REVIEW_COMPONENT
F-0071,FT-022,Postoperative imaging,Corpus callosal signal change,"Postoperative, not preoperative",Postoperative,Complications,Imaging change/clinical course,NOT_REPORTED,INTERMEDIÁRIO,Postoperative finding,NA FOR PREOPERATIVE PREDICTION,UNADJUSTED/NR,NR,1,192,OWN COHORT,Postoperative corpus callosal changes were described but are outside preoperative predictor eligibility.,OUTCOME_MEASUREMENT,Do not use as preoperative predictor.,MESCLADOS 3,M3 pp.206-213,OWN_COHORT
F-0072,FT-023,Imaging,Callosal angle,Heterogeneous imaging definitions/cutoffs,Preoperative,Global response,Post-shunt responder status,AUTHOR_DEFINED,INDETERMINADO,Shunt outcome,INCONSISTENT/PRELIMINARY,UNADJUSTED/NR,NR,Subset of 28,NR,NARRATIVE,"Smaller angle associated with response in several studies, but cutoffs/planes varied.",RESPONSE_CLASSIFIER,Not sufficient as a sole surgical selector.,MESCLADOS 3,M3 pp.23-28,SYSTEMATIC_REVIEW_COMPONENT
F-0073,FT-023,Imaging,DESH/high-convexity tightness,Heterogeneous imaging definitions/cutoffs,Preoperative,Global response,Post-shunt responder status,AUTHOR_DEFINED,INDETERMINADO,Shunt outcome,INCONSISTENT/PRELIMINARY,UNADJUSTED/NR,NR,Subset of 28,NR,NARRATIVE,Positive associations in some cohorts; negative evidence also present.,RESPONSE_CLASSIFIER,Not sufficient as a sole surgical selector.,MESCLADOS 3,M3 pp.23-28,SYSTEMATIC_REVIEW_COMPONENT
F-0074,FT-023,Imaging,Periventricular white-matter changes,Heterogeneous imaging definitions/cutoffs,Preoperative,Global response,Post-shunt responder status,AUTHOR_DEFINED,INDETERMINADO,Shunt outcome,INCONSISTENT/PRELIMINARY,UNADJUSTED/NR,NR,Subset of 28,NR,NARRATIVE,Generally weak/inconsistent association; should not exclude shunting.,RESPONSE_CLASSIFIER,Not sufficient as a sole surgical selector.,MESCLADOS 3,M3 pp.23-28,SYSTEMATIC_REVIEW_COMPONENT
F-0075,FT-023,Imaging,Aqueductal flow/flow void,Heterogeneous imaging definitions/cutoffs,Preoperative,Global response,Post-shunt responder status,AUTHOR_DEFINED,INDETERMINADO,Shunt outcome,INCONSISTENT/PRELIMINARY,UNADJUSTED/NR,NR,Subset of 28,NR,NARRATIVE,Inconsistent predictive performance.,RESPONSE_CLASSIFIER,Not sufficient as a sole surgical selector.,MESCLADOS 3,M3 pp.23-28,SYSTEMATIC_REVIEW_COMPONENT
F-0076,FT-023,Imaging,Volumetry/advanced MRI or ML,Heterogeneous imaging definitions/cutoffs,Preoperative,Global response,Post-shunt responder status,AUTHOR_DEFINED,INDETERMINADO,Shunt outcome,INCONSISTENT/PRELIMINARY,UNADJUSTED/NR,NR,Subset of 28,NR,NARRATIVE,Promising in small studies without external validation.,RESPONSE_CLASSIFIER,Not sufficient as a sole surgical selector.,MESCLADOS 3,M3 pp.23-29,SYSTEMATIC_REVIEW_COMPONENT
F-0077,FT-024,Gait parameter,Gait velocity,Instrumented/timed walking; standardized mean difference,Preoperative,Gait,Difference versus controls and change after CSF intervention,STATISTICAL_CHANGE_ONLY,CURTO,Pre/post tap or shunt,IMPROVEMENT,UNADJUSTED/NR,NR,17,527,RANDOM-EFFECTS META-ANALYSIS,Meta-analysis supported increased gait velocity after CSF drainage/shunt; exact pooled estimates vary by comparison.,OUTCOME_MEASUREMENT,Sensitive outcome; not itself a preoperative predictor unless linked to shunt response.,MESCLADOS 2,M2 pp.192-201,SYSTEMATIC_REVIEW_COMPONENT
F-0078,FT-024,Gait parameter,Stride length,Instrumented gait,Preoperative,Gait,Change after intervention,STATISTICAL_CHANGE_ONLY,CURTO,Pre/post intervention,IMPROVEMENT,UNADJUSTED/NR,NR,Subset,NR,META-ANALYSIS,Stride length improved after CSF intervention in pooled analyses.,OUTCOME_MEASUREMENT,Include in standardized gait battery.,MESCLADOS 2,M2 pp.192-201,SYSTEMATIC_REVIEW_COMPONENT
F-0079,FT-024,Gait parameter,Cadence,Instrumented gait,Preoperative,Gait,Change after intervention,STATISTICAL_CHANGE_ONLY,CURTO,Pre/post intervention,VARIABLE,UNADJUSTED/NR,NR,Subset,NR,META-ANALYSIS,Cadence was less consistently responsive than velocity/stride length.,OUTCOME_MEASUREMENT,Do not rely on cadence alone.,MESCLADOS 2,M2 pp.192-201,SYSTEMATIC_REVIEW_COMPONENT
F-0080,FT-024,Measurement heterogeneity,Gait protocol and technology,"Different walk distances, sensors and timing",Preoperative,Gait,Treatment response,NOT_REPORTED,INDETERMINADO,Pre/post intervention,HIGH HETEROGENEITY,UNADJUSTED/NR,NR,17,527,SYSTEMATIC REVIEW,Protocol heterogeneity limited cross-study comparability.,OUTCOME_MEASUREMENT,"Standardize task, footwear, assistive devices and assessment time.",MESCLADOS 2,M2 pp.192-201,SYSTEMATIC_REVIEW_COMPONENT
F-0081,FT-025,Outcome measurement,Health-related quality of life instruments,SF-36/EQ-5D and other instruments; heterogeneous,Preoperative,Quality of life,Post-shunt HRQoL change,STATISTICAL_CHANGE_ONLY,INDETERMINADO,Within-subject change,GENERALLY IMPROVES,UNADJUSTED/NR,NR,12,NR,NARRATIVE,"Most studies reported HRQoL improvement after shunting, with substantial heterogeneity in instruments and timing.",OUTCOME_MEASUREMENT,HRQoL should be a core patient-centered outcome.,MESCLADOS 3,M3 pp.157-164,SYSTEMATIC_REVIEW_COMPONENT
F-0082,FT-025,Outcome measurement,Caregiver/patient perspective,Patient-reported HRQoL,Preoperative,Quality of life,Perceived benefit,PATIENT_CAREGIVER_REPORT,INDETERMINADO,Post-shunt status,UNDERUSED,UNADJUSTED/NR,NR,12,NR,NARRATIVE,Patient-centered outcomes were not uniformly captured and were not equivalent to clinician-rated response.,OUTCOME_MEASUREMENT,Counseling should include expected daily-life and QoL gains.,MESCLADOS 3,M3 pp.157-164,SYSTEMATIC_REVIEW_COMPONENT
F-0083,FT-027,Machine learning,Treatment-response models,Clinical/imaging/CSF features; varied algorithms,Preoperative,Global response,Shunt or drainage response,AUTHOR_DEFINED,INDETERMINADO,Response labels,PROMISING BUT HIGH BIAS,UNADJUSTED/NR,NR,Treatment subset of 22,NR,NARRATIVE,Response models reported encouraging performance but frequently had high/unclear PROBAST risk.,RESPONSE_CLASSIFIER,Not validated for routine selection.,MESCLADOS 2,M2 pp.161-172,SYSTEMATIC_REVIEW_COMPONENT
F-0084,FT-027,Reference standard,Temporary drainage response labels,Tap/ELD response,Preoperative,Gait/global,Temporary response,AUTHOR_DEFINED,CURTO,Temporary CSF drainage,NOT SHUNT RESPONSE,UNADJUSTED/NR,NR,Subset,NR,NARRATIVE,Some ML studies predicted drainage response rather than postoperative shunt benefit.,RESPONSE_CLASSIFIER,Keep index-test and shunt reference standards separate.,MESCLADOS 2,M2 pp.161-172,SYSTEMATIC_REVIEW_COMPONENT
F-0085,FT-027,Model performance,External validation/calibration,Varied/limited,Preoperative,Global response,Model discrimination,NOT_REPORTED,INDETERMINADO,Shunt response,INSUFFICIENT,UNADJUSTED/NR,NR,22,NR,PROBAST-INFORMED NARRATIVE,External validation and calibration were uncommon.,RESPONSE_CLASSIFIER,Prospective multicenter validation required.,MESCLADOS 2,M2 pp.161-172,SYSTEMATIC_REVIEW_COMPONENT
F-0086,FT-028,Radiology,Callosal angle,Study-specific imaging definition/cutoff,Preoperative,Global response,Responder versus non-responder after shunt,AUTHOR_DEFINED,INDETERMINADO,Post-shunt response,STATISTICALLY DIFFERENT BUT WEAK,UNADJUSTED/NR,NR,Meta-analyzed,NR,UNIVARIATE META-ANALYSIS,DOR 1.88.,RESPONSE_CLASSIFIER,Insufficient as a sole predictor.,MESCLADOS 3,"M3 pp.106, 139-145",SYSTEMATIC_REVIEW_COMPONENT
F-0087,FT-028,Radiology,Periventricular white-matter changes,Study-specific imaging definition/cutoff,Preoperative,Global response,Responder versus non-responder after shunt,AUTHOR_DEFINED,INDETERMINADO,Post-shunt response,STATISTICALLY DIFFERENT BUT CLINICALLY NEGLIGIBLE,UNADJUSTED/NR,NR,Meta-analyzed,NR,UNIVARIATE META-ANALYSIS,DOR 1.01.,RESPONSE_CLASSIFIER,Insufficient as a sole predictor.,MESCLADOS 3,"M3 pp.106, 139-145",SYSTEMATIC_REVIEW_COMPONENT
F-0088,FT-028,Radiology,DESH,Study-specific imaging definition/cutoff,Preoperative,Global response,Responder versus non-responder after shunt,AUTHOR_DEFINED,INDETERMINADO,Post-shunt response,NO SIGNIFICANT DIFFERENTIATION,UNADJUSTED/NR,NR,Meta-analyzed,NR,UNIVARIATE META-ANALYSIS,Pooled result not significant; exact effect retained in Quantitative_Estimates where extractable.,RESPONSE_CLASSIFIER,Insufficient as a sole predictor.,MESCLADOS 3,"M3 pp.106, 139-145",SYSTEMATIC_REVIEW_COMPONENT
F-0089,FT-028,Radiology,Cerebral blood flow,Study-specific imaging definition/cutoff,Preoperative,Global response,Responder versus non-responder after shunt,AUTHOR_DEFINED,INDETERMINADO,Post-shunt response,NO CONSISTENT POOLED DIFFERENTIATION,UNADJUSTED/NR,NR,Meta-analyzed,NR,UNIVARIATE META-ANALYSIS,Pooled result not significant; exact effect retained in Quantitative_Estimates where extractable.,RESPONSE_CLASSIFIER,Insufficient as a sole predictor.,MESCLADOS 3,"M3 pp.106, 139-145",SYSTEMATIC_REVIEW_COMPONENT
F-0090,FT-028,Radiology,CT cisternography,Study-specific imaging definition/cutoff,Preoperative,Global response,Responder versus non-responder after shunt,AUTHOR_DEFINED,INDETERMINADO,Post-shunt response,NO SIGNIFICANT DIFFERENTIATION,UNADJUSTED/NR,NR,Meta-analyzed,NR,UNIVARIATE META-ANALYSIS,Pooled result not significant; exact effect retained in Quantitative_Estimates where extractable.,RESPONSE_CLASSIFIER,Insufficient as a sole predictor.,MESCLADOS 3,"M3 pp.106, 139-145",SYSTEMATIC_REVIEW_COMPONENT
F-0091,FT-028,Radiology,Evans index,Various thresholds,Preoperative,Global response,Post-shunt response,AUTHOR_DEFINED,INDETERMINADO,Post-shunt response,INCONSISTENT,UNADJUSTED/NR,NR,5,NR,NARRATIVE,No consistent discrimination across studies.,RESPONSE_CLASSIFIER,Ventriculomegaly severity should not be used alone to deny shunt.,MESCLADOS 3,M3 pp.119-120,SYSTEMATIC_REVIEW_COMPONENT
F-0092,FT-028,Radiology,Aqueductal flow/CSF dynamics MRI,"Flow void, stroke volume and related measures",Preoperative,Global response,Post-shunt response,AUTHOR_DEFINED,INDETERMINADO,Post-shunt response,INCONSISTENT,UNADJUSTED/NR,NR,Multiple,NR,NARRATIVE,Promising single-study results were not consistently replicated.,RESPONSE_CLASSIFIER,Not a standalone selector.,MESCLADOS 3,M3 pp.129-136,SYSTEMATIC_REVIEW_COMPONENT
F-0093,FT-028,Perfusion challenge,Acetazolamide cerebrovascular reactivity,SPECT/DSC metrics,Preoperative,Global response,Post-shunt response,AUTHOR_DEFINED,INDETERMINADO,Post-shunt response,PROMISING IN SINGLE STUDIES,UNADJUSTED/NR,NR,Sparse,NR,NARRATIVE,Selected perfusion/CVR measures showed high single-study sensitivity/specificity but lacked replication.,RESPONSE_CLASSIFIER,Research adjunct.,MESCLADOS 3,M3 pp.135-138,SYSTEMATIC_REVIEW_COMPONENT
F-0094,FT-029,Preoperative imaging,Callosal angle,MRI/CT; study-specific definitions,Preoperative,Global response,Summary assessment of gait+cognition+urinary response,AUTHOR_DEFINED,INDETERMINADO,Post-shunt triad response,INCONSISTENT,UNADJUSTED/NR,NR,Subset of 27,NR,NARRATIVE,Associations were reported in several studies but measurement plane/cutoffs and response definitions varied.,RESPONSE_CLASSIFIER,Preoperative imaging should not be a solitary rule-in/rule-out test.,MESCLADOS 1,M1 pp.89-102,SYSTEMATIC_REVIEW_COMPONENT
F-0095,FT-029,Preoperative imaging,DESH,MRI/CT; study-specific definitions,Preoperative,Global response,Summary assessment of gait+cognition+urinary response,AUTHOR_DEFINED,INDETERMINADO,Post-shunt triad response,INCONSISTENT,UNADJUSTED/NR,NR,Subset of 27,NR,NARRATIVE,No consistent repeated difference between responders and non-responders.,RESPONSE_CLASSIFIER,Preoperative imaging should not be a solitary rule-in/rule-out test.,MESCLADOS 1,M1 pp.89-102,SYSTEMATIC_REVIEW_COMPONENT
F-0096,FT-029,Preoperative imaging,Evans index,MRI/CT; study-specific definitions,Preoperative,Global response,Summary assessment of gait+cognition+urinary response,AUTHOR_DEFINED,INDETERMINADO,Post-shunt triad response,INCONSISTENT,UNADJUSTED/NR,NR,Subset of 27,NR,NARRATIVE,Generally not predictive of shunt response.,RESPONSE_CLASSIFIER,Preoperative imaging should not be a solitary rule-in/rule-out test.,MESCLADOS 1,M1 pp.89-102,SYSTEMATIC_REVIEW_COMPONENT
F-0097,FT-029,Preoperative imaging,White-matter changes,MRI/CT; study-specific definitions,Preoperative,Global response,Summary assessment of gait+cognition+urinary response,AUTHOR_DEFINED,INDETERMINADO,Post-shunt triad response,INCONSISTENT,UNADJUSTED/NR,NR,Subset of 27,NR,NARRATIVE,Presence/burden did not consistently predict lack of response.,RESPONSE_CLASSIFIER,Preoperative imaging should not be a solitary rule-in/rule-out test.,MESCLADOS 1,M1 pp.89-102,SYSTEMATIC_REVIEW_COMPONENT
F-0098,FT-029,Preoperative imaging,Aqueductal flow/flow void,MRI/CT; study-specific definitions,Preoperative,Global response,Summary assessment of gait+cognition+urinary response,AUTHOR_DEFINED,INDETERMINADO,Post-shunt triad response,INCONSISTENT,UNADJUSTED/NR,NR,Subset of 27,NR,NARRATIVE,Results were conflicting.,RESPONSE_CLASSIFIER,Preoperative imaging should not be a solitary rule-in/rule-out test.,MESCLADOS 1,M1 pp.89-102,SYSTEMATIC_REVIEW_COMPONENT
F-0099,FT-029,Preoperative imaging,Perfusion/CBF,MRI/CT; study-specific definitions,Preoperative,Global response,Summary assessment of gait+cognition+urinary response,AUTHOR_DEFINED,INDETERMINADO,Post-shunt triad response,INCONSISTENT,UNADJUSTED/NR,NR,Subset of 27,NR,NARRATIVE,Small studies reported possible associations without reproducibility.,RESPONSE_CLASSIFIER,Preoperative imaging should not be a solitary rule-in/rule-out test.,MESCLADOS 1,M1 pp.89-102,SYSTEMATIC_REVIEW_COMPONENT
F-0100,FT-029,Preoperative imaging,Volumetry,MRI/CT; study-specific definitions,Preoperative,Global response,Summary assessment of gait+cognition+urinary response,AUTHOR_DEFINED,INDETERMINADO,Post-shunt triad response,INCONSISTENT,UNADJUSTED/NR,NR,Subset of 27,NR,NARRATIVE,Promising but heterogeneous and often single-center.,RESPONSE_CLASSIFIER,Preoperative imaging should not be a solitary rule-in/rule-out test.,MESCLADOS 1,M1 pp.89-102,SYSTEMATIC_REVIEW_COMPONENT
F-0101,FT-029,Preoperative imaging,Composite imaging scores,MRI/CT; study-specific definitions,Preoperative,Global response,Summary assessment of gait+cognition+urinary response,AUTHOR_DEFINED,INDETERMINADO,Post-shunt triad response,INCONSISTENT,UNADJUSTED/NR,NR,Subset of 27,NR,NARRATIVE,No validated composite score reliably predicted response.,RESPONSE_CLASSIFIER,Preoperative imaging should not be a solitary rule-in/rule-out test.,MESCLADOS 1,M1 pp.89-102,SYSTEMATIC_REVIEW_COMPONENT
F-0102,FT-030,CSF biomarker,Phosphorylated tau,Preoperative lumbar CSF; standardized mean difference,Preoperative,Global response,Responder versus non-responder,AUTHOR_DEFINED,INDETERMINADO,Post-shunt response,HIGHER IN NON-RESPONDERS,UNADJUSTED/NR,NR,≥3; meta-analysis,NR,RANDOM-EFFECTS META-ANALYSIS,"SMD -0.55, p=0.04 (direction coded in review: higher p-tau in non-responders).",PROGNOSTIC_FACTOR,Suggests neurodegenerative burden may reduce response; not an exclusion threshold.,MESCLADOS 3,"M3 pp.78, 88-90",SYSTEMATIC_REVIEW_COMPONENT
F-0103,FT-030,CSF biomarker,Total tau,Preoperative lumbar CSF; SMD,Preoperative,Global response,Responder versus non-responder,AUTHOR_DEFINED,INDETERMINADO,Post-shunt response,HIGHER IN NON-RESPONDERS,UNADJUSTED/NR,NR,≥3,NR,RANDOM-EFFECTS META-ANALYSIS,"SMD -0.50, p=0.02.",PROGNOSTIC_FACTOR,"Association is prognostic, not a treatment-effect modifier.",MESCLADOS 3,"M3 pp.78, 88-90",SYSTEMATIC_REVIEW_COMPONENT
F-0104,FT-030,CSF biomarker,Amyloid-β1-42,Preoperative lumbar CSF; SMD,Preoperative,Global response,Responder versus non-responder,AUTHOR_DEFINED,INDETERMINADO,Post-shunt response,NO DIFFERENCE,UNADJUSTED/NR,NR,4,254,RANDOM-EFFECTS META-ANALYSIS,"SMD -0.26, p=0.55.",PROGNOSTIC_FACTOR,Aβ42 alone did not discriminate response.,MESCLADOS 3,"M3 pp.78, 88-90",SYSTEMATIC_REVIEW_COMPONENT
F-0105,FT-030,CSF/venous biomarkers,Miscellaneous biomarkers/genotyping,Study-specific assays,Preoperative,Global/domain response,Post-shunt response,AUTHOR_DEFINED,INDETERMINADO,Post-shunt response,MOSTLY INCONSISTENT,UNADJUSTED/NR,NR,7,NR,NARRATIVE,No other biomarker had reproducible evidence across studies.,PROGNOSTIC_FACTOR,No clinically validated single biomarker.,MESCLADOS 3,M3 pp.87-96,SYSTEMATIC_REVIEW_COMPONENT
F-0106,FT-030,Biomarker phenotype,Alzheimer-type CSF profile,Aβ/tau patterns,Preoperative,Cognition/global,Post-shunt response,AUTHOR_DEFINED,INDETERMINADO,Post-shunt response,POSSIBLE LOWER RESPONSE,UNADJUSTED/NR,NR,Multiple overlapping cohorts,NR,META/NARRATIVE,"Tau elevations, rather than Aβ42 alone, were the clearest pooled signal.",PROGNOSTIC_FACTOR,Use for counseling about domain-specific and durable recovery.,MESCLADOS 3,M3 pp.78-96,SYSTEMATIC_REVIEW_COMPONENT
F-0107,FT-031,Clinical test,Intracranial pressure monitoring,Heterogeneous test protocols/positivity thresholds,Preoperative,Global response,Post-shunt responder status,AUTHOR_DEFINED,INDETERMINADO,Shunt outcome,POSITIVE ASSOCIATION,UNADJUSTED/NR,NR,11,NR,UNIVARIATE/BIVARIATE DTA META-ANALYSIS,DOR 50.9; AUC 0.836.,RESPONSE_CLASSIFIER,"Highest pooled discrimination, but invasive and based on small heterogeneous cohorts.",MESCLADOS 3,"M3 pp.46, 69-72",SYSTEMATIC_REVIEW_COMPONENT
F-0108,FT-031,Clinical test,External lumbar drainage,Heterogeneous test protocols/positivity thresholds,Preoperative,Global response,Post-shunt responder status,AUTHOR_DEFINED,INDETERMINADO,Shunt outcome,POSITIVE ASSOCIATION,UNADJUSTED/NR,NR,8,NR,UNIVARIATE/BIVARIATE DTA META-ANALYSIS,DOR 27.7; AUC 0.753.,RESPONSE_CLASSIFIER,Supports rule-in more than rule-out; protocol heterogeneity limits transfer.,MESCLADOS 3,"M3 pp.46, 69-72",SYSTEMATIC_REVIEW_COMPONENT
F-0109,FT-031,Clinical test,Infusion test,Heterogeneous test protocols/positivity thresholds,Preoperative,Global response,Post-shunt responder status,AUTHOR_DEFINED,INDETERMINADO,Shunt outcome,POSITIVE ASSOCIATION,UNADJUSTED/NR,NR,8,NR,UNIVARIATE/BIVARIATE DTA META-ANALYSIS,DOR 5.7; AUC 0.729.,RESPONSE_CLASSIFIER,Supports rule-in more than rule-out; protocol heterogeneity limits transfer.,MESCLADOS 3,"M3 pp.46, 69-72",SYSTEMATIC_REVIEW_COMPONENT
F-0110,FT-031,Clinical test,Tap test,Heterogeneous test protocols/positivity thresholds,Preoperative,Global response,Post-shunt responder status,AUTHOR_DEFINED,INDETERMINADO,Shunt outcome,POSITIVE ASSOCIATION,UNADJUSTED/NR,NR,6,NR,UNIVARIATE/BIVARIATE DTA META-ANALYSIS,DOR 3.86; AUC 0.711.,RESPONSE_CLASSIFIER,Supports rule-in more than rule-out; protocol heterogeneity limits transfer.,MESCLADOS 3,"M3 pp.46, 69-72",SYSTEMATIC_REVIEW_COMPONENT
F-0111,FT-031,Clinical factor,Predominant gait disturbance,Study-specific definition,Preoperative,Global/domain response,Post-shunt response,AUTHOR_DEFINED,INDETERMINADO,Post-shunt response,MIXED,UNADJUSTED/NR,NR,Subset of 9 clinical-feature studies,NR,NARRATIVE,"Often associated with better response, but not consistently adjusted.",PROGNOSTIC_FACTOR,Cannot be used as a deterministic benefit predictor.,MESCLADOS 3,M3 pp.48-55,SYSTEMATIC_REVIEW_COMPONENT
F-0112,FT-031,Clinical factor,Short symptom duration,Study-specific definition,Preoperative,Global/domain response,Post-shunt response,AUTHOR_DEFINED,INDETERMINADO,Post-shunt response,MIXED,UNADJUSTED/NR,NR,Subset of 9 clinical-feature studies,NR,NARRATIVE,No consistent pooled effect.,PROGNOSTIC_FACTOR,Cannot be used as a deterministic benefit predictor.,MESCLADOS 3,M3 pp.48-55,SYSTEMATIC_REVIEW_COMPONENT
F-0113,FT-031,Clinical factor,Age,Study-specific definition,Preoperative,Global/domain response,Post-shunt response,AUTHOR_DEFINED,INDETERMINADO,Post-shunt response,MIXED,UNADJUSTED/NR,NR,Subset of 9 clinical-feature studies,NR,NARRATIVE,Not consistently associated with response.,PROGNOSTIC_FACTOR,Cannot be used as a deterministic benefit predictor.,MESCLADOS 3,M3 pp.48-55,SYSTEMATIC_REVIEW_COMPONENT
F-0114,FT-031,Clinical factor,Comorbid vascular risk factors,Study-specific definition,Preoperative,Global/domain response,Post-shunt response,AUTHOR_DEFINED,INDETERMINADO,Post-shunt response,MIXED,UNADJUSTED/NR,NR,Subset of 9 clinical-feature studies,NR,NARRATIVE,No consistent independent effect in available studies.,PROGNOSTIC_FACTOR,Cannot be used as a deterministic benefit predictor.,MESCLADOS 3,M3 pp.48-55,SYSTEMATIC_REVIEW_COMPONENT
F-0115,FT-031,Clinical factor,Baseline cognitive severity,Study-specific definition,Preoperative,Global/domain response,Post-shunt response,AUTHOR_DEFINED,INDETERMINADO,Post-shunt response,MIXED,UNADJUSTED/NR,NR,Subset of 9 clinical-feature studies,NR,NARRATIVE,Mixed evidence; severe dementia may reduce functional recovery but is not a validated exclusion.,PROGNOSTIC_FACTOR,Cannot be used as a deterministic benefit predictor.,MESCLADOS 3,M3 pp.48-55,SYSTEMATIC_REVIEW_COMPONENT
F-0116,FT-031,Clinical factor,Clinical triad completeness,Study-specific definition,Preoperative,Global/domain response,Post-shunt response,AUTHOR_DEFINED,INDETERMINADO,Post-shunt response,MIXED,UNADJUSTED/NR,NR,Subset of 9 clinical-feature studies,NR,NARRATIVE,"Possible favorable association in older series, with substantial spectrum bias.",PROGNOSTIC_FACTOR,Cannot be used as a deterministic benefit predictor.,MESCLADOS 3,M3 pp.48-55,SYSTEMATIC_REVIEW_COMPONENT
F-0117,FT-032,Radiology,DESH presence,Study-specific DESH definition,Preoperative,Global response,Treatment response after VPS,AUTHOR_DEFINED,INDETERMINADO,Post-VPS response,LIMITED DISCRIMINATION,UNADJUSTED/NR,NR,8,Subset of 812,DTA META-ANALYSIS,"DESH prevalence was common, but pooled prognostic performance was insufficient for standalone selection.",RESPONSE_CLASSIFIER,DESH may support diagnosis/rule-in but absence should not rule out benefit.,MESCLADOS 2,M2 pp.184-190,SYSTEMATIC_REVIEW_COMPONENT
F-0118,FT-032,Radiology,DESH absence,No DESH,Preoperative,Global response,Non-response after VPS,AUTHOR_DEFINED,INDETERMINADO,Post-VPS response,POOR RULE-OUT,UNADJUSTED/NR,NR,8,NR,DTA META-ANALYSIS,Negative predictive performance was inadequate.,RESPONSE_CLASSIFIER,Do not deny shunt solely because DESH is absent.,MESCLADOS 2,M2 pp.184-190,SYSTEMATIC_REVIEW_COMPONENT
F-0119,FT-032,Diagnostic phenotype,DESH prevalence,Radiological classification,Preoperative,Global response,Prevalence among shunted iNPH cohorts,NOT_REPORTED,,,COMMON BUT VARIABLE,UNADJUSTED/NR,NR,10,812,RANDOM-EFFECTS PREVALENCE META-ANALYSIS,Pooled prevalence reported in article; heterogeneity in definitions and enrollment limited applicability.,DIAGNOSTIC_ONLY,Prevalence is not predictive accuracy.,MESCLADOS 2,M2 pp.184-190,SYSTEMATIC_REVIEW_COMPONENT
F-0120,FT-034,PET imaging,FDG-PET metabolic pattern,Tracer-specific uptake pattern,Preoperative,Global/cognition,Post-shunt response in prognostic subset,AUTHOR_DEFINED,INDETERMINADO,Post-shunt outcome,PRELIMINARY/DIAGNOSTIC DOMINANT,UNADJUSTED/NR,NR,Subset of 31,NR,NARRATIVE,Useful mainly for differential diagnosis/comorbidity; limited direct shunt-response data.,DIAGNOSTIC_ONLY,Do not use PET alone to withhold shunting.,MESCLADOS 2,M2 pp.100-121,SYSTEMATIC_REVIEW_COMPONENT
F-0121,FT-034,PET imaging,Amyloid PET positivity,Tracer-specific uptake pattern,Preoperative,Global/cognition,Post-shunt response in prognostic subset,AUTHOR_DEFINED,INDETERMINADO,Post-shunt outcome,PRELIMINARY/DIAGNOSTIC DOMINANT,UNADJUSTED/NR,NR,Subset of 31,NR,NARRATIVE,"May identify AD co-pathology associated with cognitive prognosis, but not a validated shunt-response cutoff.",PROGNOSTIC_FACTOR,Do not use PET alone to withhold shunting.,MESCLADOS 2,M2 pp.100-121,SYSTEMATIC_REVIEW_COMPONENT
F-0122,FT-034,PET imaging,Dopaminergic/other tracers,Tracer-specific uptake pattern,Preoperative,Global/cognition,Post-shunt response in prognostic subset,AUTHOR_DEFINED,INDETERMINADO,Post-shunt outcome,PRELIMINARY/DIAGNOSTIC DOMINANT,UNADJUSTED/NR,NR,Subset of 31,NR,NARRATIVE,Sparse evidence for prognostication.,PROGNOSTIC_FACTOR,Do not use PET alone to withhold shunting.,MESCLADOS 2,M2 pp.100-121,SYSTEMATIC_REVIEW_COMPONENT
F-0123,FT-034,PET imaging,PET-based multimodal assessment,Tracer-specific uptake pattern,Preoperative,Global/cognition,Post-shunt response in prognostic subset,AUTHOR_DEFINED,INDETERMINADO,Post-shunt outcome,PRELIMINARY/DIAGNOSTIC DOMINANT,UNADJUSTED/NR,NR,Subset of 31,NR,NARRATIVE,Potential adjunct when diagnosis/comorbidity is uncertain; no validated standalone classifier.,DIAGNOSTIC_ONLY,Do not use PET alone to withhold shunting.,MESCLADOS 2,M2 pp.100-121,SYSTEMATIC_REVIEW_COMPONENT
F-0124,FT-036,Temporary CSF drainage,Positive extended lumbar drainage,Continuous drainage; study-specific response criteria,Preoperative,Global response,Post-shunt response,AUTHOR_DEFINED,INDETERMINADO,Shunt outcome,"HIGH APPARENT ACCURACY, VERY IMPRECISE",UNADJUSTED/NR,NR,4,84,BIVARIATE RANDOM-EFFECTS DTA,Sensitivity 94% (95% CI 41-100%); specificity 85% (33-100%); PPV and NPV 90% with wide CIs.,RESPONSE_CLASSIFIER,"Potential rule-in/rule-out signal, but evidence too small and imprecise for certainty.",MESCLADOS 2,M2 pp.141-147,SYSTEMATIC_REVIEW_COMPONENT
F-0125,FT-036,Verification process,Shunting regardless of ELD result,Eligibility required intended complete verification,Preoperative,Global response,Post-shunt response,AUTHOR_DEFINED,INDETERMINADO,Shunt outcome,REDUCED BUT NOT ELIMINATED PARTIAL VERIFICATION BIAS,UNADJUSTED/NR,NR,4,84,SYSTEMATIC REVIEW,Only four small studies met the key criterion; many reports were excluded because only ELD responders were shunted.,RESPONSE_CLASSIFIER,Published accuracy is highly vulnerable to selection/verification bias.,MESCLADOS 2,M2 pp.142-144,SYSTEMATIC_REVIEW_COMPONENT
F-0128,FT-038,Post-drainage change test,18-meter walk test,Study-specific change threshold after tap/ELD,Preoperative,Global response,Post-shunt outcome,AUTHOR_DEFINED,CURTO,Shunt outcome,"MODERATE SENSITIVITY, LIMITED SPECIFICITY",UNADJUSTED/NR,NR,Subset of 17 meta-analyzed trials,812,HSROC META-ANALYSIS,Sensitivity 0.83; specificity 0.67 (wide 95% CIs).,RESPONSE_CLASSIFIER,Positive change supports selection; absence of change is not a definitive rule-out.,MESCLADOS 2,"M2 pp.248, 253-257",SYSTEMATIC_REVIEW_COMPONENT
F-0129,FT-038,Post-drainage change test,Video-recorded gait performance,Study-specific change threshold after tap/ELD,Preoperative,Global response,Post-shunt outcome,AUTHOR_DEFINED,CURTO,Shunt outcome,"MODERATE SENSITIVITY, LIMITED SPECIFICITY",UNADJUSTED/NR,NR,Subset of 17 meta-analyzed trials,812,HSROC META-ANALYSIS,Sensitivity 0.85; specificity 0.68 (wide 95% CIs).,RESPONSE_CLASSIFIER,Positive change supports selection; absence of change is not a definitive rule-out.,MESCLADOS 2,"M2 pp.248, 253-257",SYSTEMATIC_REVIEW_COMPONENT
F-0130,FT-038,Post-drainage change test,Cognitive test,Study-specific change threshold after tap/ELD,Preoperative,Global response,Post-shunt outcome,AUTHOR_DEFINED,CURTO,Shunt outcome,"MODERATE SENSITIVITY, LIMITED SPECIFICITY",UNADJUSTED/NR,NR,Subset of 17 meta-analyzed trials,812,HSROC META-ANALYSIS,Sensitivity 0.82; specificity 0.75 (wide 95% CIs).,RESPONSE_CLASSIFIER,Positive change supports selection; absence of change is not a definitive rule-out.,MESCLADOS 2,"M2 pp.248, 253-257",SYSTEMATIC_REVIEW_COMPONENT
F-0131,FT-038,Post-drainage change test,Timed Up and Go,Study-specific change threshold after tap/ELD,Preoperative,Global response,Post-shunt outcome,AUTHOR_DEFINED,CURTO,Shunt outcome,"MODERATE SENSITIVITY, LIMITED SPECIFICITY",UNADJUSTED/NR,NR,Subset of 17 meta-analyzed trials,812,HSROC META-ANALYSIS,Sensitivity 0.89; specificity 0.63 (wide 95% CIs).,RESPONSE_CLASSIFIER,Positive change supports selection; absence of change is not a definitive rule-out.,MESCLADOS 2,"M2 pp.248, 253-257",SYSTEMATIC_REVIEW_COMPONENT
F-0132,FT-038,Response measurement,Threshold/procedure heterogeneity,Different timing and definitions after CSF removal,Preoperative,Gait/cognition,Trial-removal response,AUTHOR_DEFINED,CURTO,Shunt outcome,HIGH HETEROGENEITY,UNADJUSTED/NR,NR,29,NR,SYSTEMATIC REVIEW,No standardized change threshold or assessment protocol was established.,OUTCOME_MEASUREMENT,"Report exact test, timing, threshold and reference standard.",MESCLADOS 2,M2 pp.248-259,SYSTEMATIC_REVIEW_COMPONENT
F-0133,FT-039,CSF biomarker,Aβ42,Lumbar CSF concentration; heterogeneous assays/cutoffs,Preoperative,Global/cognition,Post-shunt response,AUTHOR_DEFINED,INDETERMINADO,Responder versus non-responder,EVIDENCE VARIES,UNADJUSTED/NR,NR,Among 13 studies,508,EVIDENCE-CLASS NARRATIVE,Multiple studies supported further investigation; no high-sensitivity/specificity threshold.,PROGNOSTIC_FACTOR,No biomarker met requirements for standalone clinical selection.,MESCLADOS 2,M2 pp.212-219,SYSTEMATIC_REVIEW_COMPONENT
F-0134,FT-039,CSF biomarker,Total tau,Lumbar CSF concentration; heterogeneous assays/cutoffs,Preoperative,Global/cognition,Post-shunt response,AUTHOR_DEFINED,INDETERMINADO,Responder versus non-responder,EVIDENCE VARIES,UNADJUSTED/NR,NR,Among 13 studies,508,EVIDENCE-CLASS NARRATIVE,Evidence suggested possible prognostic value; heterogeneous assays/definitions.,PROGNOSTIC_FACTOR,No biomarker met requirements for standalone clinical selection.,MESCLADOS 2,M2 pp.212-219,SYSTEMATIC_REVIEW_COMPONENT
F-0135,FT-039,CSF biomarker,Phosphorylated tau,Lumbar CSF concentration; heterogeneous assays/cutoffs,Preoperative,Global/cognition,Post-shunt response,AUTHOR_DEFINED,INDETERMINADO,Responder versus non-responder,EVIDENCE VARIES,UNADJUSTED/NR,NR,Among 13 studies,508,EVIDENCE-CLASS NARRATIVE,Supported by several studies; one low-level study reported a cutoff with moderate accuracy.,PROGNOSTIC_FACTOR,No biomarker met requirements for standalone clinical selection.,MESCLADOS 2,M2 pp.212-219,SYSTEMATIC_REVIEW_COMPONENT
F-0136,FT-039,CSF biomarker,Neurofilament light,Lumbar CSF concentration; heterogeneous assays/cutoffs,Preoperative,Global/cognition,Post-shunt response,AUTHOR_DEFINED,INDETERMINADO,Responder versus non-responder,EVIDENCE VARIES,UNADJUSTED/NR,NR,Among 13 studies,508,EVIDENCE-CLASS NARRATIVE,Promising but not validated.,PROGNOSTIC_FACTOR,No biomarker met requirements for standalone clinical selection.,MESCLADOS 2,M2 pp.212-219,SYSTEMATIC_REVIEW_COMPONENT
F-0137,FT-039,CSF biomarker,Leucine-rich alpha-2-glycoprotein,Lumbar CSF concentration; heterogeneous assays/cutoffs,Preoperative,Global/cognition,Post-shunt response,AUTHOR_DEFINED,INDETERMINADO,Responder versus non-responder,EVIDENCE VARIES,UNADJUSTED/NR,NR,Among 13 studies,508,EVIDENCE-CLASS NARRATIVE,Promising but limited evidence.,PROGNOSTIC_FACTOR,No biomarker met requirements for standalone clinical selection.,MESCLADOS 2,M2 pp.212-219,SYSTEMATIC_REVIEW_COMPONENT
F-0138,FT-039,CSF biomarker,TGF-β1/TBR-II/homocysteine/interleukins,Lumbar CSF concentration; heterogeneous assays/cutoffs,Preoperative,Global/cognition,Post-shunt response,AUTHOR_DEFINED,INDETERMINADO,Responder versus non-responder,EVIDENCE VARIES,UNADJUSTED/NR,NR,Among 13 studies,508,EVIDENCE-CLASS NARRATIVE,Minimal evidence.,PROGNOSTIC_FACTOR,No biomarker met requirements for standalone clinical selection.,MESCLADOS 2,M2 pp.212-219,SYSTEMATIC_REVIEW_COMPONENT
F-0139,FT-039,CSF biomarker,Aβ38/Aβ40/Aβ43 and multiple other listed markers,Lumbar CSF concentration; heterogeneous assays/cutoffs,Preoperative,Global/cognition,Post-shunt response,AUTHOR_DEFINED,INDETERMINADO,Responder versus non-responder,EVIDENCE VARIES,UNADJUSTED/NR,NR,Among 13 studies,508,EVIDENCE-CLASS NARRATIVE,No available predictive evidence in included literature.,PROGNOSTIC_FACTOR,No biomarker met requirements for standalone clinical selection.,MESCLADOS 2,M2 pp.212-219,SYSTEMATIC_REVIEW_COMPONENT
F-0140,FT-041,Cognitive outcome,MMSE,Pre/post neuropsychological score,Preoperative,Cognition,Post-shunt change,STATISTICAL_CHANGE_ONLY,INTERMEDIÁRIO,Within-subject change,IMPROVEMENT,UNADJUSTED/NR,NR,Varies by test,1059,RANDOM-EFFECTS META-ANALYSIS,Statistically significant pooled improvement after shunt.,OUTCOME_MEASUREMENT,Statistical change is not equivalent to MCID; practice effects and heterogeneous follow-up remain concerns.,MESCLADOS 2,M2 pp.203-210,SYSTEMATIC_REVIEW_COMPONENT
F-0141,FT-041,Cognitive outcome,RAVLT total/delayed recall,Pre/post neuropsychological score,Preoperative,Cognition,Post-shunt change,STATISTICAL_CHANGE_ONLY,INTERMEDIÁRIO,Within-subject change,IMPROVEMENT,UNADJUSTED/NR,NR,Varies by test,1059,RANDOM-EFFECTS META-ANALYSIS,Pooled improvement in learning/memory.,OUTCOME_MEASUREMENT,Statistical change is not equivalent to MCID; practice effects and heterogeneous follow-up remain concerns.,MESCLADOS 2,M2 pp.203-210,SYSTEMATIC_REVIEW_COMPONENT
F-0142,FT-041,Cognitive outcome,Trail Making Test A/B,Pre/post neuropsychological score,Preoperative,Cognition,Post-shunt change,STATISTICAL_CHANGE_ONLY,INTERMEDIÁRIO,Within-subject change,IMPROVEMENT,UNADJUSTED/NR,NR,Varies by test,1059,RANDOM-EFFECTS META-ANALYSIS,Pooled improvement in attention/executive function.,OUTCOME_MEASUREMENT,Statistical change is not equivalent to MCID; practice effects and heterogeneous follow-up remain concerns.,MESCLADOS 2,M2 pp.203-210,SYSTEMATIC_REVIEW_COMPONENT
F-0143,FT-041,Cognitive outcome,Digit span/verbal fluency,Pre/post neuropsychological score,Preoperative,Cognition,Post-shunt change,STATISTICAL_CHANGE_ONLY,INTERMEDIÁRIO,Within-subject change,IMPROVEMENT,UNADJUSTED/NR,NR,Varies by test,1059,RANDOM-EFFECTS META-ANALYSIS,Variable pooled improvement.,OUTCOME_MEASUREMENT,Statistical change is not equivalent to MCID; practice effects and heterogeneous follow-up remain concerns.,MESCLADOS 2,M2 pp.203-210,SYSTEMATIC_REVIEW_COMPONENT
F-0144,FT-043,CSF tap test,Positive tap test—gait,Study-specific protocol/threshold,Preoperative,Global/gait/cognition,Post-shunt response,AUTHOR_DEFINED,INDETERMINADO,Post-shunt outcome,POSITIVE / RULE-IN SIGNAL,UNADJUSTED/NR,NR,8,482,NARRATIVE DTA,"Across 8 prospective cohorts (482 patients), PPV 92% overall (range 73–100%), specificity 75% (33–100%), sensitivity 58% (26–87%), NPV 37% (18–50%), and accuracy 62% (45–83%).",RESPONSE_CLASSIFIER,"A positive tap-test response can support selection, but high prevalence and selection/verification issues limit interpretation.",MESCLADOS 2,M2 pp.122–128; Tables 1–3,SYSTEMATIC_REVIEW_COMPONENT
F-0145,FT-043,CSF tap test,Positive tap test—cognition,Study-specific protocol/threshold,Preoperative,Global/gait/cognition,Post-shunt response,AUTHOR_DEFINED,INDETERMINADO,Post-shunt outcome,INCERTO,UNADJUSTED/NR,NR,8,482,NARRATIVE DTA,Outcome instruments and timing for cognition varied; no separate pooled domain-specific accuracy was reported.,RESPONSE_CLASSIFIER,Standardize test and do not use a negative result alone to exclude.,MESCLADOS 2,M2 pp.122–128; Tables 1–3,SYSTEMATIC_REVIEW_COMPONENT
F-0146,FT-043,CSF tap test,Negative tap test,Study-specific protocol/threshold,Preoperative,Global/gait/cognition,Post-shunt response,AUTHOR_DEFINED,INDETERMINADO,Post-shunt outcome,NEGATIVE TEST DOES NOT RULE OUT,UNADJUSTED/NR,NR,8,482,NARRATIVE DTA,Negative predictive value was low: 37% overall (range 18–50%); false-negative shunt responders were common.,RESPONSE_CLASSIFIER,Do not make a negative tap test an absolute contraindication to shunting.,MESCLADOS 2,M2 pp.122–128; Tables 1–3,SYSTEMATIC_REVIEW_COMPONENT
F-0147,FT-043,CSF tap test,Tap-test volume,Study-specific protocol/threshold,Preoperative,Global/gait/cognition,Post-shunt response,AUTHOR_DEFINED,INDETERMINADO,Post-shunt outcome,INCERTO,UNADJUSTED/NR,NR,8,482,NARRATIVE DTA,"CSF volume removed varied: 30 mL, 40 mL, 50 mL, or variable; the review suggested but did not establish that larger removal may improve sensitivity.",OUTCOME_MEASUREMENT,Standardize test and do not use a negative result alone to exclude.,MESCLADOS 2,M2 pp.122–128; Tables 1–3,SYSTEMATIC_REVIEW_COMPONENT
F-0148,FT-043,CSF tap test,Timing of assessment,Study-specific protocol/threshold,Preoperative,Global/gait/cognition,Post-shunt response,AUTHOR_DEFINED,INDETERMINADO,Post-shunt outcome,INCERTO,UNADJUSTED/NR,NR,8,482,NARRATIVE DTA,Assessment ranged from approximately 1–3 hours to 7 days depending on symptom domain and study; no single optimal timing was established.,OUTCOME_MEASUREMENT,Standardize test and do not use a negative result alone to exclude.,MESCLADOS 2,M2 pp.122–128; Tables 1–3,SYSTEMATIC_REVIEW_COMPONENT
F-0149,FT-044,CSF dynamics,Resistance to CSF outflow,Rout > 10 mmHg/ml/min,Preoperative,Global response,Postoperative improvement,AUTHOR_DEFINED,INDETERMINADO,Post-shunt outcome,HIGHER ROUT ASSOCIATED WITH RESPONSE,UNADJUSTED/NR,NR,7,389,FIXED-EFFECT META-ANALYSIS,Pooled OR 2.82.,RESPONSE_CLASSIFIER,Threshold-specific tradeoff; none provides reliable exclusion.,MESCLADOS 2,M2 pp.3-7,SYSTEMATIC_REVIEW_COMPONENT
F-0150,FT-044,CSF dynamics,Resistance to CSF outflow,Rout > 12 mmHg/ml/min,Preoperative,Global response,Postoperative improvement,AUTHOR_DEFINED,INDETERMINADO,Post-shunt outcome,HIGHER ROUT ASSOCIATED WITH RESPONSE,UNADJUSTED/NR,NR,9,499,FIXED-EFFECT META-ANALYSIS,Pooled OR 3.58.,RESPONSE_CLASSIFIER,12 mmHg/ml/min maximized reported overall accuracy but specificity remained limited.,MESCLADOS 2,M2 pp.3-7,SYSTEMATIC_REVIEW_COMPONENT
F-0151,FT-044,CSF dynamics,Resistance to CSF outflow,Rout > 15 mmHg/ml/min,Preoperative,Global response,Postoperative improvement,AUTHOR_DEFINED,INDETERMINADO,Post-shunt outcome,HIGHER ROUT ASSOCIATED WITH RESPONSE,UNADJUSTED/NR,NR,8,NR,FIXED-EFFECT META-ANALYSIS,Pooled OR 2.72.,RESPONSE_CLASSIFIER,Threshold-specific tradeoff; none provides reliable exclusion.,MESCLADOS 2,M2 pp.3-7,SYSTEMATIC_REVIEW_COMPONENT
F-0152,FT-044,CSF dynamics,Resistance to CSF outflow,Rout > 18 mmHg/ml/min,Preoperative,Global response,Postoperative improvement,AUTHOR_DEFINED,INDETERMINADO,Post-shunt outcome,HIGHER ROUT ASSOCIATED WITH RESPONSE,UNADJUSTED/NR,NR,9,NR,FIXED-EFFECT META-ANALYSIS,Pooled OR 2.38.,RESPONSE_CLASSIFIER,Threshold-specific tradeoff; none provides reliable exclusion.,MESCLADOS 2,M2 pp.3-7,SYSTEMATIC_REVIEW_COMPONENT
F-0153,FT-045,Clinical presentation,Gait-predominant presentation,Predominant preoperative complaint,Preoperative,Global response,Post-shunt improvement,CLINICAL_JUDGMENT,INDETERMINADO,Post-shunt outcome,FAVORABLE ASSOCIATION,UNADJUSTED/NR,NR,43,NR,NARRATIVE,Gait disturbance as predominant complaint was described as suggestive of better outcome.,PROGNOSTIC_FACTOR,Supportive but not sufficient alone.,MESCLADOS 3,M3 pp.165-170,SYSTEMATIC_REVIEW_COMPONENT
F-0154,FT-045,Timing,Early diagnosis/shorter delay,Study-specific duration,Preoperative,Global response,Post-shunt improvement,AUTHOR_DEFINED,INDETERMINADO,Post-shunt outcome,FAVORABLE TREND,UNADJUSTED/NR,NR,43,NR,NARRATIVE,"Early diagnosis was identified as a favorable factor, though studies conflicted about duration.",PROGNOSTIC_FACTOR,Avoid unnecessary delay; do not exclude long-duration cases.,MESCLADOS 3,M3 pp.165-170,SYSTEMATIC_REVIEW_COMPONENT
F-0155,FT-045,CSF dynamics,Positive response to CSF dynamic tests,Tap/infusion/ELD,Preoperative,Global response,Post-shunt improvement,AUTHOR_DEFINED,INDETERMINADO,Post-shunt outcome,FAVORABLE ASSOCIATION,UNADJUSTED/NR,NR,43,NR,NARRATIVE,Positive tests were associated with good outcome.,RESPONSE_CLASSIFIER,Rule-in adjunct; negative tests remain uncertain.,MESCLADOS 3,M3 pp.165-170,SYSTEMATIC_REVIEW_COMPONENT
F-0156,FT-045,Outcome measurement,Overall surgical success,Study-defined improvement,Preoperative,Global response,Post-shunt outcome,AUTHOR_DEFINED,INDETERMINADO,Post-shunt status,WIDE RANGE,UNADJUSTED/NR,NR,43,NR,DESCRIPTIVE,"Success rates ranged 30%-90%, reflecting heterogeneous selection and outcome protocols.",OUTCOME_MEASUREMENT,Do not compare rates without harmonizing definitions and follow-up.,MESCLADOS 3,M3 pp.165-170,SYSTEMATIC_REVIEW_COMPONENT
F-0157,FT-049,Neuroimaging,Alzheimer-type SPECT pattern,Study-specific imaging metric,Preoperative,Global response,Surgical outcome,AUTHOR_DEFINED,INDETERMINADO,Post-shunt response,MIXED,UNADJUSTED/NR,NR,Among 16 outcome studies,NR,NARRATIVE EVIDENCE REVIEW,One of three imaging patterns meeting authors' biomarker criteria; evidence level B for iNPH selection.,RESPONSE_CLASSIFIER,Imaging may support diagnosis/phenotyping but is not a sole exclusion test.,MESCLADOS 3,M3 pp.31-45,SYSTEMATIC_REVIEW_COMPONENT
F-0158,FT-049,Neuroimaging,Aqueductal CSF flow void/phase-contrast MRI,Study-specific imaging metric,Preoperative,Global response,Surgical outcome,AUTHOR_DEFINED,INDETERMINADO,Post-shunt response,MIXED,UNADJUSTED/NR,NR,Among 16 outcome studies,NR,NARRATIVE EVIDENCE REVIEW,"Promising early accuracy, not consistently replicated.",RESPONSE_CLASSIFIER,Imaging may support diagnosis/phenotyping but is not a sole exclusion test.,MESCLADOS 3,M3 pp.31-45,SYSTEMATIC_REVIEW_COMPONENT
F-0159,FT-049,Neuroimaging,MR spectroscopy NAA/choline ratio,Study-specific imaging metric,Preoperative,Global response,Surgical outcome,AUTHOR_DEFINED,INDETERMINADO,Post-shunt response,MIXED,UNADJUSTED/NR,NR,Among 16 outcome studies,NR,NARRATIVE EVIDENCE REVIEW,"High-accuracy evidence applied mainly to secondary NPH, not directly generalizable to iNPH.",RESPONSE_CLASSIFIER,Imaging may support diagnosis/phenotyping but is not a sole exclusion test.,MESCLADOS 3,M3 pp.31-45,SYSTEMATIC_REVIEW_COMPONENT
F-0160,FT-049,Neuroimaging,Structural CT/MRI severity,Study-specific imaging metric,Preoperative,Global response,Surgical outcome,AUTHOR_DEFINED,INDETERMINADO,Post-shunt response,MIXED,UNADJUSTED/NR,NR,Among 16 outcome studies,NR,NARRATIVE EVIDENCE REVIEW,Ventricular size/atrophy and periventricular changes lacked reliable predictive value.,RESPONSE_CLASSIFIER,Imaging may support diagnosis/phenotyping but is not a sole exclusion test.,MESCLADOS 3,M3 pp.31-45,SYSTEMATIC_REVIEW_COMPONENT
F-0161,FT-049,Neuroimaging,Perfusion imaging,Study-specific imaging metric,Preoperative,Global response,Surgical outcome,AUTHOR_DEFINED,INDETERMINADO,Post-shunt response,MIXED,UNADJUSTED/NR,NR,Among 16 outcome studies,NR,NARRATIVE EVIDENCE REVIEW,"Selected studies linked perfusion patterns to outcome, but small samples and method heterogeneity.",RESPONSE_CLASSIFIER,Imaging may support diagnosis/phenotyping but is not a sole exclusion test.,MESCLADOS 3,M3 pp.31-45,SYSTEMATIC_REVIEW_COMPONENT
F-0162,FT-049,Neuroimaging,Multimodal imaging,Study-specific imaging metric,Preoperative,Global response,Surgical outcome,AUTHOR_DEFINED,INDETERMINADO,Post-shunt response,MIXED,UNADJUSTED/NR,NR,Among 16 outcome studies,NR,NARRATIVE EVIDENCE REVIEW,No validated combination with reproducible external performance.,RESPONSE_CLASSIFIER,Imaging may support diagnosis/phenotyping but is not a sole exclusion test.,MESCLADOS 3,M3 pp.31-45,SYSTEMATIC_REVIEW_COMPONENT
F-0163,FT-050,Supplemental prognostic test,40-50 mL tap test,Guideline evidence synthesis,Preoperative,Global response,Post-shunt response,AUTHOR_DEFINED,INDETERMINADO,Post-shunt outcome,SUPPORTIVE/VARIABLE,UNADJUSTED/NR,NR,NÃO EXTRAÍVEL,NR,GUIDELINE EVIDENCE REVIEW,Positive response has high PPV; sensitivity 26%-61%.,RESPONSE_CLASSIFIER,Use positive findings to increase confidence; do not deny shunt on a negative result alone.,MESCLADOS 2,M2 pp.88-99,SYSTEMATIC_REVIEW_COMPONENT
F-0164,FT-050,Supplemental prognostic test,Infusion test/Rout,Guideline evidence synthesis,Preoperative,Global response,Post-shunt response,AUTHOR_DEFINED,INDETERMINADO,Post-shunt outcome,SUPPORTIVE/VARIABLE,UNADJUSTED/NR,NR,NÃO EXTRAÍVEL,NR,GUIDELINE EVIDENCE REVIEW,Sensitivity 57%-100%; PPV 75%-92% across heterogeneous studies.,RESPONSE_CLASSIFIER,Use positive findings to increase confidence; do not deny shunt on a negative result alone.,MESCLADOS 2,M2 pp.88-99,SYSTEMATIC_REVIEW_COMPONENT
F-0165,FT-050,Supplemental prognostic test,Extended lumbar drainage >300 mL,Guideline evidence synthesis,Preoperative,Global response,Post-shunt response,AUTHOR_DEFINED,INDETERMINADO,Post-shunt outcome,SUPPORTIVE/VARIABLE,UNADJUSTED/NR,NR,NÃO EXTRAÍVEL,NR,GUIDELINE EVIDENCE REVIEW,"Sensitivity 50%-100%; PPV 80%-100%, with procedural risks.",RESPONSE_CLASSIFIER,Use positive findings to increase confidence; do not deny shunt on a negative result alone.,MESCLADOS 2,M2 pp.88-99,SYSTEMATIC_REVIEW_COMPONENT
F-0166,FT-050,Supplemental prognostic test,Structural CT/MRI,Guideline evidence synthesis,Preoperative,Global response,Post-shunt response,AUTHOR_DEFINED,INDETERMINADO,Post-shunt outcome,SUPPORTIVE/VARIABLE,UNADJUSTED/NR,NR,NÃO EXTRAÍVEL,NR,GUIDELINE EVIDENCE REVIEW,Limited prognostic value beyond confirming communicating hydrocephalus.,RESPONSE_CLASSIFIER,Use positive findings to increase confidence; do not deny shunt on a negative result alone.,MESCLADOS 2,M2 pp.88-99,SYSTEMATIC_REVIEW_COMPONENT
F-0167,FT-050,Supplemental prognostic test,Radionuclide cisternography,Guideline evidence synthesis,Preoperative,Global response,Post-shunt response,AUTHOR_DEFINED,INDETERMINADO,Post-shunt outcome,SUPPORTIVE/VARIABLE,UNADJUSTED/NR,NR,NÃO EXTRAÍVEL,NR,GUIDELINE EVIDENCE REVIEW,Insufficient incremental value.,RESPONSE_CLASSIFIER,Use positive findings to increase confidence; do not deny shunt on a negative result alone.,MESCLADOS 2,M2 pp.88-99,SYSTEMATIC_REVIEW_COMPONENT
F-0168,FT-050,Supplemental prognostic test,Intracranial pressure monitoring,Guideline evidence synthesis,Preoperative,Global response,Post-shunt response,AUTHOR_DEFINED,INDETERMINADO,Post-shunt outcome,SUPPORTIVE/VARIABLE,UNADJUSTED/NR,NR,NÃO EXTRAÍVEL,NR,GUIDELINE EVIDENCE REVIEW,Potentially supportive; methods/thresholds heterogeneous.,RESPONSE_CLASSIFIER,Use positive findings to increase confidence; do not deny shunt on a negative result alone.,MESCLADOS 2,M2 pp.88-99,SYSTEMATIC_REVIEW_COMPONENT
F-0169,FT-050,Supplemental prognostic test,Negative supplemental test,Guideline evidence synthesis,Preoperative,Global response,Post-shunt response,AUTHOR_DEFINED,INDETERMINADO,Post-shunt outcome,SUPPORTIVE/VARIABLE,UNADJUSTED/NR,NR,NÃO EXTRAÍVEL,NR,GUIDELINE EVIDENCE REVIEW,No test was adequate as an exclusionary rule-out.,RESPONSE_CLASSIFIER,Use positive findings to increase confidence; do not deny shunt on a negative result alone.,MESCLADOS 2,M2 pp.88-99,SYSTEMATIC_REVIEW_COMPONENT
F-0170,FT-051,Outcome measurement,Global improvement definitions,"Study-specific, often subjective",Preoperative,Global response,Post-shunt outcome,AUTHOR_DEFINED,INDETERMINADO,Post-shunt status,NONSTANDARD,UNADJUSTED/NR,NR,NÃO EXTRAÍVEL,NR,GUIDELINE REVIEW,No validated universal outcome scale; improvement rates were not synonymous with overall outcome.,OUTCOME_MEASUREMENT,"Explicitly define domain, threshold and assessor.",MESCLADOS 2,M2 pp.10-22,SYSTEMATIC_REVIEW_COMPONENT
F-0171,FT-051,Outcome measurement,Follow-up schedule,"Recommended 3, 6 and 12 months; longer-term evaluation",Preoperative,Global/function,Post-shunt outcome,CLINICAL_JUDGMENT,LONGO,Post-shunt status,TIME-DEPENDENT,UNADJUSTED/NR,NR,NÃO EXTRAÍVEL,NR,GUIDELINE REVIEW,One-year follow-up was proposed as a key determinant because comorbidity increasingly confounds later outcomes.,OUTCOME_MEASUREMENT,"Report short-, intermediate- and long-term outcomes separately.",MESCLADOS 2,M2 pp.19-21,SYSTEMATIC_REVIEW_COMPONENT
F-0172,FT-051,Outcome measurement,Functional status and quality of life,Patient/family judgment plus formal scales,Preoperative,Function/quality of life,Post-shunt benefit,PATIENT_CAREGIVER_REPORT,INDETERMINADO,Post-shunt status,UNDERMEASURED,UNADJUSTED/NR,NR,NÃO EXTRAÍVEL,NR,GUIDELINE REVIEW,Functional and social gains were clinically important but rarely systematically incorporated.,OUTCOME_MEASUREMENT,Include patient/caregiver and independence outcomes.,MESCLADOS 2,M2 pp.19-21,SYSTEMATIC_REVIEW_COMPONENT
F-0173,FT-051,Outcome measurement,Complications/revisions and net benefit,Shunt complications and comorbidity,Preoperative,Complications/net benefit,Risk-benefit after shunt,AUTHOR_DEFINED,LONGO,Post-shunt status,ESSENTIAL COMPONENT,UNADJUSTED/NR,NR,NÃO EXTRAÍVEL,NR,GUIDELINE REVIEW,"Outcome assessment should distinguish symptom response, shunt-related morbidity, reoperation and comorbidity-related decline.",OUTCOME_MEASUREMENT,"Counsel on net benefit, not response alone.",MESCLADOS 2,M2 pp.10-22,SYSTEMATIC_REVIEW_COMPONENT
F-0174,FT-053,Predictor/outcome,Complete triad with early gait disturbance,Study-specific,Preoperative,Global/function,Post-shunt response or net outcome,AUTHOR_DEFINED,INDETERMINADO,Post-shunt outcome,MIXED,UNADJUSTED/NR,NR,35,883,POOLED DESCRIPTIVE/ACCURACY TABLES,"Suggestive of better shunt responsiveness, based mainly on low-grade series.",RESPONSE_CLASSIFIER,Most evidence was low grade; no single reliable predictor.,MESCLADOS 1,M1 pp.205-224,SYSTEMATIC_REVIEW_COMPONENT
F-0175,FT-053,Predictor/outcome,Degree of hydrocephalus,Study-specific,Preoperative,Global/function,Post-shunt response or net outcome,AUTHOR_DEFINED,INDETERMINADO,Post-shunt outcome,MIXED,UNADJUSTED/NR,NR,35,883,POOLED DESCRIPTIVE/ACCURACY TABLES,Not correlated with clinical improvement.,RESPONSE_CLASSIFIER,Most evidence was low grade; no single reliable predictor.,MESCLADOS 1,M1 pp.205-224,SYSTEMATIC_REVIEW_COMPONENT
F-0176,FT-053,Predictor/outcome,Enlarged subcortical low-flow area,Study-specific,Preoperative,Global/function,Post-shunt response or net outcome,AUTHOR_DEFINED,INDETERMINADO,Post-shunt outcome,MIXED,UNADJUSTED/NR,NR,35,883,POOLED DESCRIPTIVE/ACCURACY TABLES,Correlated with improvement in three small studies.,RESPONSE_CLASSIFIER,Most evidence was low grade; no single reliable predictor.,MESCLADOS 1,M1 pp.205-224,SYSTEMATIC_REVIEW_COMPONENT
F-0177,FT-053,Predictor/outcome,Prolonged CSF drainage response,Study-specific,Preoperative,Global/function,Post-shunt response or net outcome,AUTHOR_DEFINED,INDETERMINADO,Post-shunt outcome,MIXED,UNADJUSTED/NR,NR,35,883,POOLED DESCRIPTIVE/ACCURACY TABLES,Predicted shunt outcome in all cases in two small series.,RESPONSE_CLASSIFIER,Most evidence was low grade; no single reliable predictor.,MESCLADOS 1,M1 pp.205-224,SYSTEMATIC_REVIEW_COMPONENT
F-0178,FT-053,Predictor/outcome,Radioisotope cisternography,Study-specific,Preoperative,Global/function,Post-shunt response or net outcome,AUTHOR_DEFINED,INDETERMINADO,Post-shunt outcome,MIXED,UNADJUSTED/NR,NR,35,883,POOLED DESCRIPTIVE/ACCURACY TABLES,"Pooled sensitivity 73.5%, specificity 30.0%, PPV 54.3%, NPV 50.0%; weak discriminator.",RESPONSE_CLASSIFIER,Most evidence was low grade; no single reliable predictor.,MESCLADOS 1,M1 pp.205-224,SYSTEMATIC_REVIEW_COMPONENT
F-0179,FT-053,Predictor/outcome,CSF outflow conductance/resistance,Study-specific,Preoperative,Global/function,Post-shunt response or net outcome,AUTHOR_DEFINED,INDETERMINADO,Post-shunt outcome,MIXED,UNADJUSTED/NR,NR,35,883,POOLED DESCRIPTIVE/ACCURACY TABLES,Threshold performance varied and was not consistently predictive.,RESPONSE_CLASSIFIER,Most evidence was low grade; no single reliable predictor.,MESCLADOS 1,M1 pp.205-224,SYSTEMATIC_REVIEW_COMPONENT
F-0180,FT-053,Predictor/outcome,Tap test,Study-specific,Preoperative,Global/function,Post-shunt response or net outcome,AUTHOR_DEFINED,INDETERMINADO,Post-shunt outcome,MIXED,UNADJUSTED/NR,NR,35,883,POOLED DESCRIPTIVE/ACCURACY TABLES,Positive response could be supportive; sensitivity/NPV inadequate.,RESPONSE_CLASSIFIER,Most evidence was low grade; no single reliable predictor.,MESCLADOS 1,M1 pp.205-224,SYSTEMATIC_REVIEW_COMPONENT
F-0181,FT-053,Predictor/outcome,Clinical improvement rate and complications,Study-specific,Preoperative,Global/function,Post-shunt response or net outcome,AUTHOR_DEFINED,INDETERMINADO,Post-shunt outcome,MIXED,UNADJUSTED/NR,NR,35,883,POOLED DESCRIPTIVE/ACCURACY TABLES,59% improved overall; 29% prolonged improvement; complications and additional surgery common.,OUTCOME_MEASUREMENT,Most evidence was low grade; no single reliable predictor.,MESCLADOS 1,M1 pp.205-224,SYSTEMATIC_REVIEW_COMPONENT
F-0182,FT-056,Outcome measurement,Pressure-sensitive platforms/motion capture,Spatiotemporal and kinematic gait metrics,Preoperative,Gait,Cross-sectional differences and treatment-related change,STATISTICAL_CHANGE_ONLY,INDETERMINADO,Controls or pre/post intervention,SENSITIVE BUT NONSTANDARD,UNADJUSTED/NR,NR,41,NR,SYSTEMATIC NARRATIVE,Technologies detected NPH-specific gait abnormalities; longitudinal prognostic data were limited.,OUTCOME_MEASUREMENT,Useful for objective phenotyping; thresholds need validation.,MESCLADOS 3,M3 pp.215-241,SYSTEMATIC_REVIEW_COMPONENT
F-0183,FT-056,Outcome measurement,Posturography/force-platform balance metrics,Center-of-pressure and stability measures,Preoperative,Balance,Cross-sectional or pre/post change,STATISTICAL_CHANGE_ONLY,INDETERMINADO,Controls/pre-post,SENSITIVE BUT HETEROGENEOUS,UNADJUSTED/NR,NR,17,NR,SYSTEMATIC NARRATIVE,"Balance abnormalities were measurable, but methods and tasks varied.",OUTCOME_MEASUREMENT,Balance should be reported separately from gait speed.,MESCLADOS 3,M3 pp.215-241,SYSTEMATIC_REVIEW_COMPONENT
F-0184,FT-056,Wearable sensor,Inertial sensors,Laboratory and limited wearable gait measures,Preoperative,Gait/mobility,Treatment response/prognosis,NOT_REPORTED,INDETERMINADO,Pre/post intervention,PROMISING,UNADJUSTED/NR,NR,Subset,NR,NARRATIVE,Wearables may capture turning and real-world gait but lacked validated response cutoffs.,OUTCOME_MEASUREMENT,Promising for scalable monitoring; not yet a surgical classifier.,MESCLADOS 3,M3 pp.215-241,SYSTEMATIC_REVIEW_COMPONENT
F-0185,FT-056,Prognostic validity,Longitudinal instrumented gait/balance,Repeated objective measures,Preoperative,Gait/balance,Long-term shunt response,NOT_REPORTED,LONGO,Post-shunt outcome,INSUFFICIENT,UNADJUSTED/NR,NR,Few,NR,NARRATIVE,Absence of longitudinal data prevented definitive prognostic conclusions.,OUTCOME_MEASUREMENT,Prospective repeated-measure studies are a priority.,MESCLADOS 3,M3 pp.215-241,SYSTEMATIC_REVIEW_COMPONENT
F-0186,FT-059,Guideline predictor,Elevated resistance to CSF outflow (Ro),Study-specific threshold/method,Preoperative,Global/gait,Post-shunt response,AUTHOR_DEFINED,INDETERMINADO,Post-shunt outcome,SUPPORTIVE/INSUFFICIENT,UNADJUSTED/NR,NR,Evidence class reported,NR,AAN EVIDENCE REVIEW,Associated with increased chance of shunt response (1 Class I; multiple Class II).,RESPONSE_CLASSIFIER,"Guideline-level association, not proof of causal treatment-effect modification.",MESCLADOS 1,M1 pp.182-189,SYSTEMATIC_REVIEW_COMPONENT
F-0187,FT-059,Guideline predictor,Impaired CBF reactivity to acetazolamide by SPECT,Study-specific threshold/method,Preoperative,Global/gait,Post-shunt response,AUTHOR_DEFINED,INDETERMINADO,Post-shunt outcome,SUPPORTIVE/INSUFFICIENT,UNADJUSTED/NR,NR,Evidence class reported,NR,AAN EVIDENCE REVIEW,Predicted response in one Class I study.,RESPONSE_CLASSIFIER,"Guideline-level association, not proof of causal treatment-effect modification.",MESCLADOS 1,M1 pp.182-189,SYSTEMATIC_REVIEW_COMPONENT
F-0188,FT-059,Guideline predictor,Positive external lumbar drainage,Study-specific threshold/method,Preoperative,Global/gait,Post-shunt response,AUTHOR_DEFINED,INDETERMINADO,Post-shunt outcome,SUPPORTIVE/INSUFFICIENT,UNADJUSTED/NR,NR,Evidence class reported,NR,AAN EVIDENCE REVIEW,Increased chance of response (Class III).,RESPONSE_CLASSIFIER,"Guideline-level association, not proof of causal treatment-effect modification.",MESCLADOS 1,M1 pp.182-189,SYSTEMATIC_REVIEW_COMPONENT
F-0189,FT-059,Guideline predictor,Positive response to repeated lumbar punctures,Study-specific threshold/method,Preoperative,Global/gait,Post-shunt response,AUTHOR_DEFINED,INDETERMINADO,Post-shunt outcome,SUPPORTIVE/INSUFFICIENT,UNADJUSTED/NR,NR,Evidence class reported,NR,AAN EVIDENCE REVIEW,Increased chance of response (Level C recommendation).,RESPONSE_CLASSIFIER,"Guideline-level association, not proof of causal treatment-effect modification.",MESCLADOS 1,M1 pp.182-189,SYSTEMATIC_REVIEW_COMPONENT
F-0190,FT-059,Guideline predictor,Increasing age,Study-specific threshold/method,Preoperative,Global/gait,Post-shunt response,AUTHOR_DEFINED,INDETERMINADO,Post-shunt outcome,SUPPORTIVE/INSUFFICIENT,UNADJUSTED/NR,NR,Evidence class reported,NR,AAN EVIDENCE REVIEW,May not decrease chance of shunt success (Class II).,PROGNOSTIC_FACTOR,"Guideline-level association, not proof of causal treatment-effect modification.",MESCLADOS 1,M1 pp.182-189,SYSTEMATIC_REVIEW_COMPONENT
F-0191,FT-059,Guideline predictor,Radionuclide cisternography,Study-specific threshold/method,Preoperative,Global/gait,Post-shunt response,AUTHOR_DEFINED,INDETERMINADO,Post-shunt outcome,SUPPORTIVE/INSUFFICIENT,UNADJUSTED/NR,NR,Evidence class reported,NR,AAN EVIDENCE REVIEW,Insufficient evidence.,RESPONSE_CLASSIFIER,"Guideline-level association, not proof of causal treatment-effect modification.",MESCLADOS 1,M1 pp.182-189,SYSTEMATIC_REVIEW_COMPONENT
F-0192,FT-059,Guideline predictor,Aqueductal flow by MRI,Study-specific threshold/method,Preoperative,Global/gait,Post-shunt response,AUTHOR_DEFINED,INDETERMINADO,Post-shunt outcome,SUPPORTIVE/INSUFFICIENT,UNADJUSTED/NR,NR,Evidence class reported,NR,AAN EVIDENCE REVIEW,Insufficient evidence.,RESPONSE_CLASSIFIER,"Guideline-level association, not proof of causal treatment-effect modification.",MESCLADOS 1,M1 pp.182-189,SYSTEMATIC_REVIEW_COMPONENT
F-0193,FT-059,Guideline predictor,Alzheimer pathology/comorbidity,Study-specific threshold/method,Preoperative,Global/gait,Post-shunt response,AUTHOR_DEFINED,INDETERMINADO,Post-shunt outcome,SUPPORTIVE/INSUFFICIENT,UNADJUSTED/NR,NR,Evidence class reported,NR,AAN EVIDENCE REVIEW,Evidence insufficient/inconsistent to determine response; potential spectrum/confounding concerns.,PROGNOSTIC_FACTOR,"Guideline-level association, not proof of causal treatment-effect modification.",MESCLADOS 1,M1 pp.182-189,SYSTEMATIC_REVIEW_COMPONENT
F-019-SURV,FT-019,Clinical factor,Baseline gait score; continence score; mRS,Gait 1–4 vs ≥5; continence 1–3 vs ≥4; mRS 0–2 vs ≥3,Preoperative/baseline,Survival,Overall survival after VP shunt,TIME_TO_EVENT,LONGO,All-cause mortality after shunting,WORSE BASELINE STATUS ASSOCIATED WITH SHORTER SURVIVAL,Reconstructed IPD; pooled time-to-event comparison,Limited,2,1043,RECONSTRUCTED_IPD_META_ANALYSIS,HR 2.25 for worse gait; 1.66 for worse continence; 2.21 for mRS ≥3.,PROGNOSTIC_FACTOR,Supports counseling and long-term risk stratification; does not prove that earlier shunting causally improves survival.,MESCLADOS 3,M3 pp.181–193; Fig.2/Table 1,SYSTEMATIC_REVIEW_COMPONENT
