effect_id,master_id,predictor,outcome,time,effect_measure,estimate,ci_low,ci_high,p_value,studies_k,participants_n,events,model,heterogeneity,threshold,direction,adjusted,source_type,pdf,page_or_table,internal_discrepancy,extraction_provenance,analysis_cell,evidence_level,umbrella_role,pool_across_reviews,dependency_note,estimate_num,ci_low_num,ci_high_num,studies_k_num,participants_n_num,effect_family,display_estimate,display_ci_low,display_ci_high,null_value
FE-0001,FT-002,Shunt surgery,Any cognitive improvement,Post-shunt; varied,Pooled proportion (%),56.6,NR,NR,NR,NÃO EXTRAÍVEL,NÃO EXTRAÍVEL,NR,Random-effects proportion,High/heterogeneous definitions,,IMPROVEMENT,NR,SYSTEMATIC_REVIEW_COMPONENT,MESCLADOS 1,M1 pp.191–204; abstract/results,NO,CONSENSUS_3_REVIEWERS,COGNITIVE_CHANGE,POOLED_OR_REVIEW_LEVEL_ESTIMATE,ANCHOR_ESTIMATE_FOR_CELL,NO,Select one anchor review per cell; do not treat overlapping review estimates as independent.,56.6,,,,,PROBABILITY,0.5660000000000001,,,
FE-0002,FT-002,Shunt surgery,Objectively defined cognitive improvement,Post-shunt; varied,Pooled proportion (%),64.2,NR,NR,NR,NÃO EXTRAÍVEL,NÃO EXTRAÍVEL,NR,Subgroup pooled proportion,Range 39.5–85.5%,,IMPROVEMENT,NR,SYSTEMATIC_REVIEW_COMPONENT,MESCLADOS 1,M1 pp.191–204; results,NO,CONSENSUS_3_REVIEWERS,COGNITIVE_CHANGE,POOLED_OR_REVIEW_LEVEL_ESTIMATE,ANCHOR_ESTIMATE_FOR_CELL,NO,Select one anchor review per cell; do not treat overlapping review estimates as independent.,64.2,,,,,PROBABILITY,0.642,,,
FE-0003,FT-003,Complex vs pure iNPH phenotype,Global shunt response,Varied follow-up,OR,0.31,0.09,1.1,NR,3,NR,NR,Random-effects Hartung–Knapp,I²=0% but unstable at k=3,,OR<1 favors pure iNPH,UNADJUSTED,SYSTEMATIC_REVIEW_COMPONENT,MESCLADOS 2,M2 pp.78–87; Fig.2/Table 2,NO,CONSENSUS_3_REVIEWERS,COMPLEX_PHENOTYPE,POOLED_OR_REVIEW_LEVEL_ESTIMATE,ANCHOR_ESTIMATE_FOR_CELL,NO,Select one anchor review per cell; do not treat overlapping review estimates as independent.,0.31,0.09,1.1,3.0,,RATIO,0.31,0.09,1.1,1.0
FE-0004,FT-003,Complex vs pure iNPH phenotype,Urinary improvement,Mean ~4 months / varied,OR,0.85,0.58,1.25,NR,3,NR,NR,Random-effects Hartung–Knapp,I²=0% but unstable at k=3,,OR<1 favors pure iNPH,UNADJUSTED,SYSTEMATIC_REVIEW_COMPONENT,MESCLADOS 2,M2 pp.78–87; Fig.3/Table 2,NO,CONSENSUS_3_REVIEWERS,COMPLEX_PHENOTYPE,POOLED_OR_REVIEW_LEVEL_ESTIMATE,ANCHOR_ESTIMATE_FOR_CELL,NO,Select one anchor review per cell; do not treat overlapping review estimates as independent.,0.8500000000000001,0.58,1.25,3.0,,RATIO,0.8500000000000001,0.58,1.25,1.0
FE-0005,FT-003,Complex iNPH; within-group pre-post,Post-shunt Cognition,Varied,SMCR,0.91,-0.04,1.87,NR,9 studies / 9 effects,NR,NR,Random-effects; r=0.5,I²=83.3%,,Positive=improvement,UNADJUSTED,SYSTEMATIC_REVIEW_COMPONENT,MESCLADOS 2,M2 p.82; Fig.4/Table 3,NO,CONSENSUS_3_REVIEWERS,COMPLEX_PHENOTYPE,POOLED_OR_REVIEW_LEVEL_ESTIMATE,ANCHOR_ESTIMATE_FOR_CELL,NO,Select one anchor review per cell; do not treat overlapping review estimates as independent.,0.91,-0.04,1.87,9.0,,DIFFERENCE,0.91,-0.04,1.87,0.0
FE-0006,FT-003,Complex iNPH; within-group pre-post,Post-shunt Gait,Varied,SMCR,-0.22,-1.65,1.21,NR,9 studies / 10 effects,NR,NR,Random-effects; r=0.5,I²=87.3%,,Positive=improvement,UNADJUSTED,SYSTEMATIC_REVIEW_COMPONENT,MESCLADOS 2,M2 p.82; Fig.4/Table 3,NO,CONSENSUS_3_REVIEWERS,COMPLEX_PHENOTYPE,POOLED_OR_REVIEW_LEVEL_ESTIMATE,ANCHOR_ESTIMATE_FOR_CELL,NO,Select one anchor review per cell; do not treat overlapping review estimates as independent.,-0.22,-1.65,1.21,9.0,,DIFFERENCE,-0.22,-1.65,1.21,0.0
FE-0007,FT-003,Complex iNPH; within-group pre-post,Post-shunt General function,Varied,SMCR,-4.25,-10.55,2.05,NR,6 studies / 8 effects,NR,NR,Random-effects; r=0.5,I²=92.5%,,Positive=improvement,UNADJUSTED,SYSTEMATIC_REVIEW_COMPONENT,MESCLADOS 2,M2 p.82; Fig.4/Table 3,NO,CONSENSUS_3_REVIEWERS,COMPLEX_PHENOTYPE,POOLED_OR_REVIEW_LEVEL_ESTIMATE,ANCHOR_ESTIMATE_FOR_CELL,NO,Select one anchor review per cell; do not treat overlapping review estimates as independent.,-4.25,-10.55,2.05,6.0,,DIFFERENCE,-4.25,-10.55,2.05,0.0
FE-0008,FT-003,Complex iNPH; within-group pre-post,Post-shunt Incontinence,Varied,SMCR,0.17,-0.12,0.46,NR,5 studies / 5 effects,NR,NR,Random-effects; r=0.5,I²=0%,,Positive=improvement,UNADJUSTED,SYSTEMATIC_REVIEW_COMPONENT,MESCLADOS 2,M2 p.82; Fig.4/Table 3,NO,CONSENSUS_3_REVIEWERS,COMPLEX_PHENOTYPE,POOLED_OR_REVIEW_LEVEL_ESTIMATE,ANCHOR_ESTIMATE_FOR_CELL,NO,Select one anchor review per cell; do not treat overlapping review estimates as independent.,0.17,-0.12,0.46,5.0,,DIFFERENCE,0.17,-0.12,0.46,0.0
FE-0009,FT-003,Complex minus pure iNPH phenotype,Difference in post-shunt Cognition change,Varied,Difference in SMCR,-0.07,-1.79,1.64,NR,NR,NR,NR,Random-effects,I²=78.6%,,Negative favors pure iNPH,UNADJUSTED,SYSTEMATIC_REVIEW_COMPONENT,MESCLADOS 2,M2 p.82; Fig.5/Table 4,NO,CONSENSUS_3_REVIEWERS,COMPLEX_PHENOTYPE,POOLED_OR_REVIEW_LEVEL_ESTIMATE,ANCHOR_ESTIMATE_FOR_CELL,NO,Select one anchor review per cell; do not treat overlapping review estimates as independent.,-0.07,-1.79,1.64,,,DIFFERENCE,-0.07,-1.79,1.64,0.0
FE-0010,FT-003,Complex minus pure iNPH phenotype,Difference in post-shunt Gait change,Varied,Difference in SMCR,-0.16,-1.34,1.02,NR,NR,NR,NR,Random-effects,I²=80.4%,,Negative favors pure iNPH,UNADJUSTED,SYSTEMATIC_REVIEW_COMPONENT,MESCLADOS 2,M2 p.82; Fig.5/Table 4,NO,CONSENSUS_3_REVIEWERS,COMPLEX_PHENOTYPE,POOLED_OR_REVIEW_LEVEL_ESTIMATE,ANCHOR_ESTIMATE_FOR_CELL,NO,Select one anchor review per cell; do not treat overlapping review estimates as independent.,-0.16,-1.34,1.02,,,DIFFERENCE,-0.16,-1.34,1.02,0.0
FE-0011,FT-003,Complex minus pure iNPH phenotype,Difference in post-shunt General function change,Varied,Difference in SMCR,-5.64,-18.05,6.77,NR,NR,NR,NR,Random-effects,I²=95.5%,,Negative favors pure iNPH,UNADJUSTED,SYSTEMATIC_REVIEW_COMPONENT,MESCLADOS 2,M2 p.82; Fig.5/Table 4,NO,CONSENSUS_3_REVIEWERS,COMPLEX_PHENOTYPE,POOLED_OR_REVIEW_LEVEL_ESTIMATE,ANCHOR_ESTIMATE_FOR_CELL,NO,Select one anchor review per cell; do not treat overlapping review estimates as independent.,-5.64,-18.05,6.7700000000000005,,,DIFFERENCE,-5.64,-18.05,6.7700000000000005,0.0
FE-0012,FT-003,Complex minus pure iNPH phenotype,Difference in post-shunt Incontinence change,Varied,Difference in SMCR,-0.69,-1.7,0.33,NR,NR,NR,NR,Random-effects,I²=46.8%,,Negative favors pure iNPH,UNADJUSTED,SYSTEMATIC_REVIEW_COMPONENT,MESCLADOS 2,M2 p.82; Fig.5/Table 4,NO,CONSENSUS_3_REVIEWERS,COMPLEX_PHENOTYPE,POOLED_OR_REVIEW_LEVEL_ESTIMATE,ANCHOR_ESTIMATE_FOR_CELL,NO,Select one anchor review per cell; do not treat overlapping review estimates as independent.,-0.69,-1.7,0.3299999999999999,,,DIFFERENCE,-0.69,-1.7,0.3299999999999999,0.0
FE-0013,FT-003,Phenotype × follow-up time,Incontinence trajectory,Months,Meta-regression beta (SMCR/month),-0.239,NR,NR,0.017,NR,NR,NR,Exploratory linear time meta-regression,NR,,Complex phenotype has less positive time slope,MODELLED,SYSTEMATIC_REVIEW_COMPONENT,MESCLADOS 2,M2 p.82; Fig.6/Table 5,NO,CONSENSUS_3_REVIEWERS,COMPLEX_PHENOTYPE,POOLED_OR_REVIEW_LEVEL_ESTIMATE,ANCHOR_ESTIMATE_FOR_CELL,NO,Select one anchor review per cell; do not treat overlapping review estimates as independent.,-0.239,,,,,DIFFERENCE,-0.239,,,0.0
FE-0014,FT-007,iNPH population,Apathy prevalence,Cross-sectional baseline,Pooled prevalence (%),69.2,63.1,74.6,NR,NR,293,NR,Random-effects,I²=50.4%,,PREVALENCE,NR,SYSTEMATIC_REVIEW_COMPONENT,MESCLADOS 1,M1 pp.37–47; Fig.2,NO,CONSENSUS_3_REVIEWERS,NEUROPSYCHIATRIC_OUTCOMES,REVIEW_LEVEL_OR_SINGLE_STUDY_SUMMARY,SUPPORTING_CONCORDANCE_ONLY,NO,Select one anchor review per cell; do not treat overlapping review estimates as independent.,69.2,63.1,74.6,,293.0,PROBABILITY,0.6920000000000001,0.631,0.746,
FE-0015,FT-007,iNPH population,Depression prevalence,Cross-sectional baseline,Pooled prevalence (%),30.1,20.1,42.3,NR,NR,7670,NR,Random-effects,NR in abstract,,PREVALENCE,NR,SYSTEMATIC_REVIEW_COMPONENT,MESCLADOS 1,M1 pp.37–47; Fig.2,NO,CONSENSUS_3_REVIEWERS,NEUROPSYCHIATRIC_OUTCOMES,REVIEW_LEVEL_OR_SINGLE_STUDY_SUMMARY,SUPPORTING_CONCORDANCE_ONLY,NO,Select one anchor review per cell; do not treat overlapping review estimates as independent.,30.1,20.1,42.3,,7670.0,PROBABILITY,0.301,0.201,0.423,
FE-0016,FT-007,iNPH population,Agitation prevalence,Cross-sectional baseline,Pooled prevalence (%),22.6,11.8,39.1,NR,NR,NR,NR,Random-effects,I²=51.4%,,PREVALENCE,NR,SYSTEMATIC_REVIEW_COMPONENT,MESCLADOS 1,M1 pp.37–47; Fig.2,NO,CONSENSUS_3_REVIEWERS,NEUROPSYCHIATRIC_OUTCOMES,REVIEW_LEVEL_OR_SINGLE_STUDY_SUMMARY,SUPPORTING_CONCORDANCE_ONLY,NO,Select one anchor review per cell; do not treat overlapping review estimates as independent.,22.6,11.8,39.1,,,PROBABILITY,0.226,0.118,0.391,
FE-0017,FT-007,iNPH population,Anxiety prevalence,Cross-sectional baseline,Pooled prevalence (%),21.9,13.2,34.2,NR,NR,NR,NR,Random-effects,NR,,PREVALENCE,NR,SYSTEMATIC_REVIEW_COMPONENT,MESCLADOS 1,M1 pp.37–47; Fig.2,NO,CONSENSUS_3_REVIEWERS,NEUROPSYCHIATRIC_OUTCOMES,REVIEW_LEVEL_OR_SINGLE_STUDY_SUMMARY,SUPPORTING_CONCORDANCE_ONLY,NO,Select one anchor review per cell; do not treat overlapping review estimates as independent.,21.9,13.2,34.2,,,PROBABILITY,0.2189999999999999,0.132,0.342,
FE-0018,FT-007,iNPH population,Disinhibition prevalence,Cross-sectional baseline,Pooled prevalence (%),21,11.8,34.7,NR,NR,136,NR,Random-effects,NR,,PREVALENCE,NR,SYSTEMATIC_REVIEW_COMPONENT,MESCLADOS 1,M1 pp.37–47; Fig.2,NO,CONSENSUS_3_REVIEWERS,NEUROPSYCHIATRIC_OUTCOMES,REVIEW_LEVEL_OR_SINGLE_STUDY_SUMMARY,SUPPORTING_CONCORDANCE_ONLY,NO,Select one anchor review per cell; do not treat overlapping review estimates as independent.,21.0,11.8,34.7,,136.0,PROBABILITY,0.21,0.118,0.347,
FE-0019,FT-007,iNPH population,Psychotic syndromes prevalence,Cross-sectional baseline,Pooled prevalence (%),8,3.3,18.3,NR,NR,NR,NR,Random-effects,I²=84.7%,,PREVALENCE,NR,SYSTEMATIC_REVIEW_COMPONENT,MESCLADOS 1,M1 pp.37–47; Fig.2,NO,CONSENSUS_3_REVIEWERS,NEUROPSYCHIATRIC_OUTCOMES,REVIEW_LEVEL_OR_SINGLE_STUDY_SUMMARY,SUPPORTING_CONCORDANCE_ONLY,NO,Select one anchor review per cell; do not treat overlapping review estimates as independent.,8.0,3.3,18.3,,,PROBABILITY,0.08,0.033,0.183,
FE-0020,FT-007,iNPH vs control,Depression severity,Baseline,Hedges g,1.31,0.39,2.23,NR,NR,NR,NR,Random-effects,I²=97.9%,,Higher depression in iNPH,NR,SYSTEMATIC_REVIEW_COMPONENT,MESCLADOS 1,M1 pp.37–47; Fig.3,NO,CONSENSUS_3_REVIEWERS,NEUROPSYCHIATRIC_OUTCOMES,REVIEW_LEVEL_OR_SINGLE_STUDY_SUMMARY,SUPPORTING_CONCORDANCE_ONLY,NO,Select one anchor review per cell; do not treat overlapping review estimates as independent.,1.31,0.39,2.23,,,DIFFERENCE,1.31,0.39,2.23,0.0
FE-0021,FT-007,iNPH treatment (mostly shunt),Depression score change,Post-treatment; varied,SMD,-0.3,-0.62,0.01,NR,NR,NR,NR,Random-effects,I²=73.9%,,Negative=fewer depressive symptoms,NR,SYSTEMATIC_REVIEW_COMPONENT,MESCLADOS 1,M1 pp.37–47; treatment meta-analysis,NO,CONSENSUS_3_REVIEWERS,NEUROPSYCHIATRIC_OUTCOMES,REVIEW_LEVEL_OR_SINGLE_STUDY_SUMMARY,SUPPORTING_CONCORDANCE_ONLY,NO,Select one anchor review per cell; do not treat overlapping review estimates as independent.,-0.3,-0.62,0.01,,,DIFFERENCE,-0.3,-0.62,0.01,0.0
FE-0022,FT-010,Lumbar infusion test—Rout,Shunt response,3–12 months,Sensitivity,0.769,0.706,0.825,NR,5,Study N 17–127,NR,Pooled/Bayesian meta-analysis,NR,Rout >12 mmHg/mL/min,Higher sensitivity supports rule-in; not rule-out,NR,SYSTEMATIC_REVIEW_COMPONENT,MESCLADOS 3,M3 pp.172–180; Table 3,NO,CONSENSUS_3_REVIEWERS,ROUT_THRESHOLDS,POOLED_OR_REVIEW_LEVEL_ESTIMATE,ANCHOR_ESTIMATE_FOR_CELL,NO,Select one anchor review per cell; do not treat overlapping review estimates as independent.,0.769,0.706,0.8250000000000001,5.0,17.0,PROBABILITY,0.769,0.706,0.8250000000000001,
FE-0023,FT-010,Lumbar infusion test—Rout,Shunt response,3–12 months,Specificity,0.34,0.212,0.488,NR,5,Study N 17–127,NR,Pooled/Bayesian meta-analysis,NR,Rout >12 mmHg/mL/min,Higher threshold increases specificity,NR,SYSTEMATIC_REVIEW_COMPONENT,MESCLADOS 3,M3 pp.172–180; Table 3,NO,CONSENSUS_3_REVIEWERS,ROUT_THRESHOLDS,POOLED_OR_REVIEW_LEVEL_ESTIMATE,ANCHOR_ESTIMATE_FOR_CELL,NO,Select one anchor review per cell; do not treat overlapping review estimates as independent.,0.3399999999999999,0.212,0.488,5.0,17.0,PROBABILITY,0.3399999999999999,0.212,0.488,
FE-0024,FT-010,Lumbar infusion test—Rout,Shunt nonresponse,3–12 months,NPV at 65% response prevalence,0.262,0.16,0.385,NR,5,NR,NR,Pooled/Bayesian meta-analysis,NR,Rout >12 mmHg/mL/min,LOW; negative test does not exclude response,NR,SYSTEMATIC_REVIEW_COMPONENT,MESCLADOS 3,M3 pp.172–180; Table 3,NO,CONSENSUS_3_REVIEWERS,ROUT_THRESHOLDS,POOLED_OR_REVIEW_LEVEL_ESTIMATE,ANCHOR_ESTIMATE_FOR_CELL,NO,Select one anchor review per cell; do not treat overlapping review estimates as independent.,0.262,0.16,0.385,5.0,,PROBABILITY,0.262,0.16,0.385,
FE-0025,FT-010,Lumbar infusion test—Rout,Shunt response,3–12 months,Sensitivity,0.816,0.75,0.871,NR,5,Study N 17–127,NR,Pooled/Bayesian meta-analysis,NR,Rout >14 mmHg/mL/min,Higher sensitivity supports rule-in; not rule-out,NR,SYSTEMATIC_REVIEW_COMPONENT,MESCLADOS 3,M3 pp.172–180; Table 3,NO,CONSENSUS_3_REVIEWERS,ROUT_THRESHOLDS,POOLED_OR_REVIEW_LEVEL_ESTIMATE,ANCHOR_ESTIMATE_FOR_CELL,NO,Select one anchor review per cell; do not treat overlapping review estimates as independent.,0.8160000000000001,0.75,0.8710000000000001,5.0,17.0,PROBABILITY,0.8160000000000001,0.75,0.8710000000000001,
FE-0026,FT-010,Lumbar infusion test—Rout,Shunt response,3–12 months,Specificity,0.372,0.23,0.533,NR,5,Study N 17–127,NR,Pooled/Bayesian meta-analysis,NR,Rout >14 mmHg/mL/min,Higher threshold increases specificity,NR,SYSTEMATIC_REVIEW_COMPONENT,MESCLADOS 3,M3 pp.172–180; Table 3,NO,CONSENSUS_3_REVIEWERS,ROUT_THRESHOLDS,POOLED_OR_REVIEW_LEVEL_ESTIMATE,ANCHOR_ESTIMATE_FOR_CELL,NO,Select one anchor review per cell; do not treat overlapping review estimates as independent.,0.372,0.23,0.533,5.0,17.0,PROBABILITY,0.372,0.23,0.533,
FE-0027,FT-010,Lumbar infusion test—Rout,Shunt nonresponse,3–12 months,NPV at 65% response prevalence,0.333,0.204,0.484,NR,5,NR,NR,Pooled/Bayesian meta-analysis,NR,Rout >14 mmHg/mL/min,LOW; negative test does not exclude response,NR,SYSTEMATIC_REVIEW_COMPONENT,MESCLADOS 3,M3 pp.172–180; Table 3,NO,CONSENSUS_3_REVIEWERS,ROUT_THRESHOLDS,POOLED_OR_REVIEW_LEVEL_ESTIMATE,ANCHOR_ESTIMATE_FOR_CELL,NO,Select one anchor review per cell; do not treat overlapping review estimates as independent.,0.3329999999999999,0.204,0.484,5.0,,PROBABILITY,0.3329999999999999,0.204,0.484,
FE-0028,FT-010,Lumbar infusion test—Rout,Shunt response,3–12 months,Sensitivity,0.366,0.318,0.415,NR,5,Study N 17–127,NR,Pooled/Bayesian meta-analysis,NR,Rout >18 mmHg/mL/min,Higher sensitivity supports rule-in; not rule-out,NR,SYSTEMATIC_REVIEW_COMPONENT,MESCLADOS 3,M3 pp.172–180; Table 3,NO,CONSENSUS_3_REVIEWERS,ROUT_THRESHOLDS,POOLED_OR_REVIEW_LEVEL_ESTIMATE,ANCHOR_ESTIMATE_FOR_CELL,NO,Select one anchor review per cell; do not treat overlapping review estimates as independent.,0.366,0.318,0.415,5.0,17.0,PROBABILITY,0.366,0.318,0.415,
FE-0029,FT-010,Lumbar infusion test—Rout,Shunt response,3–12 months,Specificity,0.78,0.686,0.857,NR,5,Study N 17–127,NR,Pooled/Bayesian meta-analysis,NR,Rout >18 mmHg/mL/min,Higher threshold increases specificity,NR,SYSTEMATIC_REVIEW_COMPONENT,MESCLADOS 3,M3 pp.172–180; Table 3,NO,CONSENSUS_3_REVIEWERS,ROUT_THRESHOLDS,POOLED_OR_REVIEW_LEVEL_ESTIMATE,ANCHOR_ESTIMATE_FOR_CELL,NO,Select one anchor review per cell; do not treat overlapping review estimates as independent.,0.7799999999999999,0.6859999999999999,0.8570000000000001,5.0,17.0,PROBABILITY,0.7799999999999999,0.6859999999999999,0.8570000000000001,
FE-0030,FT-010,Lumbar infusion test—Rout,Shunt nonresponse,3–12 months,NPV at 65% response prevalence,0.234,0.19,0.283,NR,5,NR,NR,Pooled/Bayesian meta-analysis,NR,Rout >18 mmHg/mL/min,LOW; negative test does not exclude response,NR,SYSTEMATIC_REVIEW_COMPONENT,MESCLADOS 3,M3 pp.172–180; Table 3,NO,CONSENSUS_3_REVIEWERS,ROUT_THRESHOLDS,POOLED_OR_REVIEW_LEVEL_ESTIMATE,ANCHOR_ESTIMATE_FOR_CELL,NO,Select one anchor review per cell; do not treat overlapping review estimates as independent.,0.234,0.19,0.283,5.0,,PROBABILITY,0.234,0.19,0.283,
FE-0031,FT-012,CSF tap test,Post-shunt clinical response,Varied,Sensitivity,0.641,0.492,0.766,NR,9,700,NR,Bivariate random-effects DTA,I²=81.3%,Study-specific,Diagnostic accuracy,NR,SYSTEMATIC_REVIEW_COMPONENT,OFFICIAL_FRONTIERS_ACCEPTED_ABSTRACT,Official accepted abstract—Results,NO—ACCEPTED_VERSION_SUPERSEDES_PREPRINT_VALUES,ACCEPTED_PEER_REVIEWED_ABSTRACT_UPDATE_2026-09-01,TAP_TEST_DTA,POOLED_OR_REVIEW_LEVEL_ESTIMATE,ANCHOR_ESTIMATE_FOR_CELL,NO,Select one anchor review per cell; do not treat overlapping review estimates as independent.,0.641,0.492,0.766,9.0,700.0,PROBABILITY,0.641,0.492,0.766,
FE-0032,FT-012,CSF tap test,Post-shunt clinical response,Varied,Specificity,0.548,0.418,0.672,NR,9,700,NR,Bivariate random-effects DTA,I²=59.7%,Study-specific,Diagnostic accuracy,NR,SYSTEMATIC_REVIEW_COMPONENT,OFFICIAL_FRONTIERS_ACCEPTED_ABSTRACT,Official accepted abstract—Results,NO—ACCEPTED_VERSION_SUPERSEDES_PREPRINT_VALUES,ACCEPTED_PEER_REVIEWED_ABSTRACT_UPDATE_2026-09-01,TAP_TEST_DTA,POOLED_OR_REVIEW_LEVEL_ESTIMATE,ANCHOR_ESTIMATE_FOR_CELL,NO,Select one anchor review per cell; do not treat overlapping review estimates as independent.,0.548,0.418,0.672,9.0,700.0,PROBABILITY,0.548,0.418,0.672,
FE-0033,FT-012,Lumbar infusion test,Post-shunt clinical response,Varied,Sensitivity,0.775,0.702,0.834,NR,5,368,NR,Bivariate random-effects DTA,I²=14.7%,Study-specific,Diagnostic accuracy,NR,SYSTEMATIC_REVIEW_COMPONENT,OFFICIAL_FRONTIERS_ACCEPTED_ABSTRACT,Official accepted abstract—Results,NO—ACCEPTED_VERSION_SUPERSEDES_PREPRINT_VALUES,ACCEPTED_PEER_REVIEWED_ABSTRACT_UPDATE_2026-09-01,LIT_DTA,POOLED_OR_REVIEW_LEVEL_ESTIMATE,ANCHOR_ESTIMATE_FOR_CELL,NO,Select one anchor review per cell; do not treat overlapping review estimates as independent.,0.775,0.702,0.834,5.0,368.0,PROBABILITY,0.775,0.702,0.834,
FE-0034,FT-012,Lumbar infusion test,Post-shunt clinical response,Varied,Specificity,0.283,0.19,0.399,NR,5,368,NR,Bivariate random-effects DTA,I²=4.6%,Study-specific,Diagnostic accuracy,NR,SYSTEMATIC_REVIEW_COMPONENT,OFFICIAL_FRONTIERS_ACCEPTED_ABSTRACT,Official accepted abstract—Results,NO—ACCEPTED_VERSION_SUPERSEDES_PREPRINT_VALUES,ACCEPTED_PEER_REVIEWED_ABSTRACT_UPDATE_2026-09-01,LIT_DTA,POOLED_OR_REVIEW_LEVEL_ESTIMATE,ANCHOR_ESTIMATE_FOR_CELL,NO,Select one anchor review per cell; do not treat overlapping review estimates as independent.,0.283,0.19,0.399,5.0,368.0,PROBABILITY,0.283,0.19,0.399,
FE-0035,FT-022,Age,Global shunt response,1 month,OR,0.95,0.87,1.04,0.287,NR,192,NR,Univariable logistic regression,NR,per year,OR>1 favors response,UNADJUSTED,OWN_COHORT,MESCLADOS 3,M3 p.211; Table 2,NO,CONSENSUS_3_REVIEWERS,HYBRID_REVIEW_OWN_COHORT,OWN_COHORT_WITHIN_HYBRID_REPORT,EXCLUDE_FROM_UMBRELLA_POOL,NO,Select one anchor review per cell; do not treat overlapping review estimates as independent.,0.95,0.8700000000000001,1.04,,192.0,RATIO,0.95,0.8700000000000001,1.04,1.0
FE-0036,FT-022,Age,Global shunt response,1 year,OR,1.08,0.98,1.18,0.124,NR,192,NR,Univariable logistic regression,NR,per year,OR>1 favors response,UNADJUSTED,OWN_COHORT,MESCLADOS 3,M3 p.211; Table 2,NO,CONSENSUS_3_REVIEWERS,HYBRID_REVIEW_OWN_COHORT,OWN_COHORT_WITHIN_HYBRID_REPORT,EXCLUDE_FROM_UMBRELLA_POOL,NO,Select one anchor review per cell; do not treat overlapping review estimates as independent.,1.08,0.98,1.1800000000000002,,192.0,RATIO,1.08,0.98,1.1800000000000002,1.0
FE-0037,FT-022,Male sex,Global shunt response,1 month,OR,0.98,0.38,2.5,0.967,NR,192,NR,Univariable logistic regression,NR,male vs female,OR>1 favors response,UNADJUSTED,OWN_COHORT,MESCLADOS 3,M3 p.211; Table 2,NO,CONSENSUS_3_REVIEWERS,HYBRID_REVIEW_OWN_COHORT,OWN_COHORT_WITHIN_HYBRID_REPORT,EXCLUDE_FROM_UMBRELLA_POOL,NO,Select one anchor review per cell; do not treat overlapping review estimates as independent.,0.98,0.38,2.5,,192.0,RATIO,0.98,0.38,2.5,1.0
FE-0038,FT-022,Male sex,Global shunt response,1 year,OR,1.06,0.4,2.83,0.902,NR,192,NR,Univariable logistic regression,NR,male vs female,OR>1 favors response,UNADJUSTED,OWN_COHORT,MESCLADOS 3,M3 p.211; Table 2,NO,CONSENSUS_3_REVIEWERS,HYBRID_REVIEW_OWN_COHORT,OWN_COHORT_WITHIN_HYBRID_REPORT,EXCLUDE_FROM_UMBRELLA_POOL,NO,Select one anchor review per cell; do not treat overlapping review estimates as independent.,1.06,0.4,2.83,,192.0,RATIO,1.06,0.4,2.83,1.0
FE-0039,FT-022,Drainage test response,Global shunt response,1 month,OR,0.49,0.11,2.33,0.372,NR,192,NR,Univariable logistic regression,NR,positive vs negative,OR>1 favors response,UNADJUSTED,OWN_COHORT,MESCLADOS 3,M3 p.211; Table 2,NO,CONSENSUS_3_REVIEWERS,HYBRID_REVIEW_OWN_COHORT,OWN_COHORT_WITHIN_HYBRID_REPORT,EXCLUDE_FROM_UMBRELLA_POOL,NO,Select one anchor review per cell; do not treat overlapping review estimates as independent.,0.49,0.11,2.33,,192.0,RATIO,0.49,0.11,2.33,1.0
FE-0040,FT-022,Drainage test response,Global shunt response,1 year,OR,1.41,0.31,6.29,0.656,NR,192,NR,Univariable logistic regression,NR,positive vs negative,OR>1 favors response,UNADJUSTED,OWN_COHORT,MESCLADOS 3,M3 p.211; Table 2,NO,CONSENSUS_3_REVIEWERS,HYBRID_REVIEW_OWN_COHORT,OWN_COHORT_WITHIN_HYBRID_REPORT,EXCLUDE_FROM_UMBRELLA_POOL,NO,Select one anchor review per cell; do not treat overlapping review estimates as independent.,1.41,0.31,6.29,,192.0,RATIO,1.41,0.31,6.29,1.0
FE-0041,FT-022,DESH,Global shunt response,1 month,OR,1.23,0.48,3.15,0.663,NR,192,NR,Univariable logistic regression,NR,present vs absent,OR>1 favors response,UNADJUSTED,OWN_COHORT,MESCLADOS 3,M3 p.211; Table 2,NO,CONSENSUS_3_REVIEWERS,HYBRID_REVIEW_OWN_COHORT,OWN_COHORT_WITHIN_HYBRID_REPORT,EXCLUDE_FROM_UMBRELLA_POOL,NO,Select one anchor review per cell; do not treat overlapping review estimates as independent.,1.23,0.48,3.15,,192.0,RATIO,1.23,0.48,3.15,1.0
FE-0042,FT-022,DESH,Global shunt response,1 year,OR,2.1,0.77,5.68,0.145,NR,192,NR,Univariable logistic regression,NR,present vs absent,OR>1 favors response,UNADJUSTED,OWN_COHORT,MESCLADOS 3,M3 p.211; Table 2,NO,CONSENSUS_3_REVIEWERS,HYBRID_REVIEW_OWN_COHORT,OWN_COHORT_WITHIN_HYBRID_REPORT,EXCLUDE_FROM_UMBRELLA_POOL,NO,Select one anchor review per cell; do not treat overlapping review estimates as independent.,2.1,0.77,5.68,,192.0,RATIO,2.1,0.77,5.68,1.0
FE-0043,FT-022,Sylvian fissure enlargement,Global shunt response,1 month,OR,1.8,0.44,7.29,0.412,NR,192,NR,Univariable logistic regression,NR,present vs absent,OR>1 favors response,UNADJUSTED,OWN_COHORT,MESCLADOS 3,M3 p.211; Table 2,NO,CONSENSUS_3_REVIEWERS,HYBRID_REVIEW_OWN_COHORT,OWN_COHORT_WITHIN_HYBRID_REPORT,EXCLUDE_FROM_UMBRELLA_POOL,NO,Select one anchor review per cell; do not treat overlapping review estimates as independent.,1.8,0.44,7.29,,192.0,RATIO,1.8,0.44,7.29,1.0
FE-0044,FT-022,Sylvian fissure enlargement,Global shunt response,1 year,OR,1.88,0.39,9.14,0.437,NR,192,NR,Univariable logistic regression,NR,present vs absent,OR>1 favors response,UNADJUSTED,OWN_COHORT,MESCLADOS 3,M3 p.211; Table 2,NO,CONSENSUS_3_REVIEWERS,HYBRID_REVIEW_OWN_COHORT,OWN_COHORT_WITHIN_HYBRID_REPORT,EXCLUDE_FROM_UMBRELLA_POOL,NO,Select one anchor review per cell; do not treat overlapping review estimates as independent.,1.88,0.39,9.14,,192.0,RATIO,1.88,0.39,9.14,1.0
FE-0045,FT-022,High-convexity tightness,Global shunt response,1 month,OR,1.38,0.54,3.53,0.5,NR,192,NR,Univariable logistic regression,NR,present vs absent,OR>1 favors response,UNADJUSTED,OWN_COHORT,MESCLADOS 3,M3 p.211; Table 2,NO,CONSENSUS_3_REVIEWERS,HYBRID_REVIEW_OWN_COHORT,OWN_COHORT_WITHIN_HYBRID_REPORT,EXCLUDE_FROM_UMBRELLA_POOL,NO,Select one anchor review per cell; do not treat overlapping review estimates as independent.,1.38,0.54,3.53,,192.0,RATIO,1.38,0.54,3.53,1.0
FE-0046,FT-022,High-convexity tightness,Global shunt response,1 year,OR,1.89,0.71,5.07,0.206,NR,192,NR,Univariable logistic regression,NR,present vs absent,OR>1 favors response,UNADJUSTED,OWN_COHORT,MESCLADOS 3,M3 p.211; Table 2,NO,CONSENSUS_3_REVIEWERS,HYBRID_REVIEW_OWN_COHORT,OWN_COHORT_WITHIN_HYBRID_REPORT,EXCLUDE_FROM_UMBRELLA_POOL,NO,Select one anchor review per cell; do not treat overlapping review estimates as independent.,1.89,0.71,5.07,,192.0,RATIO,1.89,0.71,5.07,1.0
FE-0047,FT-022,Evans index,Global shunt response,1 month,OR,0.31,0.12,0.81,0.017,NR,192,NR,Univariable logistic regression,NR,>0.4 vs ≤0.4,OR>1 favors response,UNADJUSTED,OWN_COHORT,MESCLADOS 3,M3 p.211; Table 2,NO,CONSENSUS_3_REVIEWERS,HYBRID_REVIEW_OWN_COHORT,OWN_COHORT_WITHIN_HYBRID_REPORT,EXCLUDE_FROM_UMBRELLA_POOL,NO,Select one anchor review per cell; do not treat overlapping review estimates as independent.,0.31,0.12,0.81,,192.0,RATIO,0.31,0.12,0.81,1.0
FE-0048,FT-022,Evans index,Global shunt response,1 year,OR,0.5,0.18,1.38,0.182,NR,192,NR,Univariable logistic regression,NR,>0.4 vs ≤0.4,OR>1 favors response,UNADJUSTED,OWN_COHORT,MESCLADOS 3,M3 p.211; Table 2,NO,CONSENSUS_3_REVIEWERS,HYBRID_REVIEW_OWN_COHORT,OWN_COHORT_WITHIN_HYBRID_REPORT,EXCLUDE_FROM_UMBRELLA_POOL,NO,Select one anchor review per cell; do not treat overlapping review estimates as independent.,0.5,0.18,1.38,,192.0,RATIO,0.5,0.18,1.38,1.0
FE-0049,FT-022,Callosal angle,Global shunt response,1 month,OR,1.49,0.56,3.95,0.424,NR,192,NR,Univariable logistic regression,NR,<90° vs ≥90°,OR>1 favors response,UNADJUSTED,OWN_COHORT,MESCLADOS 3,M3 p.211; Table 2,NO,CONSENSUS_3_REVIEWERS,HYBRID_REVIEW_OWN_COHORT,OWN_COHORT_WITHIN_HYBRID_REPORT,EXCLUDE_FROM_UMBRELLA_POOL,NO,Select one anchor review per cell; do not treat overlapping review estimates as independent.,1.49,0.56,3.95,,192.0,RATIO,1.49,0.56,3.95,1.0
FE-0050,FT-022,Callosal angle,Global shunt response,1 year,OR,2.43,0.86,6.82,0.093,NR,192,NR,Univariable logistic regression,NR,<90° vs ≥90°,OR>1 favors response,UNADJUSTED,OWN_COHORT,MESCLADOS 3,M3 p.211; Table 2,NO,CONSENSUS_3_REVIEWERS,HYBRID_REVIEW_OWN_COHORT,OWN_COHORT_WITHIN_HYBRID_REPORT,EXCLUDE_FROM_UMBRELLA_POOL,NO,Select one anchor review per cell; do not treat overlapping review estimates as independent.,2.43,0.8600000000000001,6.819999999999999,,192.0,RATIO,2.43,0.8600000000000001,6.819999999999999,1.0
FE-0051,FT-022,Callosal angle,Global shunt response,1 month,OR,1.53,0.53,4.39,0.432,NR,192,NR,Univariable logistic regression,NR,<63° vs ≥63°,OR>1 favors response,UNADJUSTED,OWN_COHORT,MESCLADOS 3,M3 p.211; Table 2,NO,CONSENSUS_3_REVIEWERS,HYBRID_REVIEW_OWN_COHORT,OWN_COHORT_WITHIN_HYBRID_REPORT,EXCLUDE_FROM_UMBRELLA_POOL,NO,Select one anchor review per cell; do not treat overlapping review estimates as independent.,1.53,0.53,4.39,,192.0,RATIO,1.53,0.53,4.39,1.0
FE-0052,FT-022,Callosal angle,Global shunt response,1 year,OR,1.24,0.4,3.83,0.714,NR,192,NR,Univariable logistic regression,NR,<63° vs ≥63°,OR>1 favors response,UNADJUSTED,OWN_COHORT,MESCLADOS 3,M3 p.211; Table 2,NO,CONSENSUS_3_REVIEWERS,HYBRID_REVIEW_OWN_COHORT,OWN_COHORT_WITHIN_HYBRID_REPORT,EXCLUDE_FROM_UMBRELLA_POOL,NO,Select one anchor review per cell; do not treat overlapping review estimates as independent.,1.24,0.4,3.83,,192.0,RATIO,1.24,0.4,3.83,1.0
FE-0053,FT-022,Shunt surgery,Global shunt response,1 month,Proportion (%),83.5,NR,NR,NR,NR,192,NÃO EXTRAÍVEL,NR,NR,,RESPONDER RATE,NR,OWN_COHORT,MESCLADOS 3,M3 pp.206–214; results,NO,CONSENSUS_3_REVIEWERS,HYBRID_REVIEW_OWN_COHORT,OWN_COHORT_WITHIN_HYBRID_REPORT,EXCLUDE_FROM_UMBRELLA_POOL,NO,Select one anchor review per cell; do not treat overlapping review estimates as independent.,83.5,,,,192.0,PROBABILITY,0.835,,,
FE-0054,FT-022,Shunt surgery,Global shunt response,1 year,Proportion (%),70.1,NR,NR,NR,NR,192,NÃO EXTRAÍVEL,NR,NR,,RESPONDER RATE,NR,OWN_COHORT,MESCLADOS 3,M3 pp.206–214; results,NO,CONSENSUS_3_REVIEWERS,HYBRID_REVIEW_OWN_COHORT,OWN_COHORT_WITHIN_HYBRID_REPORT,EXCLUDE_FROM_UMBRELLA_POOL,NO,Select one anchor review per cell; do not treat overlapping review estimates as independent.,70.1,,,,192.0,PROBABILITY,0.701,,,
FE-0055,FT-022,Shunt surgery,Any complication,Follow-up through 1 year,Proportion (%),26,NR,NR,NR,NR,192,50,NR,NR,,HARM,NR,OWN_COHORT,MESCLADOS 3,M3 pp.211–212,NO,CONSENSUS_3_REVIEWERS,HYBRID_REVIEW_OWN_COHORT,OWN_COHORT_WITHIN_HYBRID_REPORT,EXCLUDE_FROM_UMBRELLA_POOL,NO,Select one anchor review per cell; do not treat overlapping review estimates as independent.,26.0,,,,192.0,PROBABILITY,0.26,,,
FE-0056,FT-022,Aqueductal CSF flow / flow void imaging,Shunt response,Varied,Pooled sensitivity,0.73,0.47,0.89,NR,NÃO EXTRAÍVEL,NR,NR,Systematic-review pooled estimate,NR,Study-specific,Diagnostic accuracy,NR,SYSTEMATIC_REVIEW_COMPONENT,MESCLADOS 3,M3 pp.206–214; review results,NO,CONSENSUS_3_REVIEWERS,HYBRID_REVIEW_OWN_COHORT,REVIEW_LEVEL_OR_SINGLE_STUDY_SUMMARY,SUPPORTING_CONCORDANCE_ONLY,NO,Select one anchor review per cell; do not treat overlapping review estimates as independent.,0.73,0.47,0.89,,,PROBABILITY,0.73,0.47,0.89,
FE-0057,FT-022,Aqueductal CSF flow / flow void imaging,Shunt response,Varied,Pooled specificity,0.65,0.54,0.74,NR,NÃO EXTRAÍVEL,NR,NR,Systematic-review pooled estimate,NR,Study-specific,Diagnostic accuracy,NR,SYSTEMATIC_REVIEW_COMPONENT,MESCLADOS 3,M3 pp.206–214; review results,NO,CONSENSUS_3_REVIEWERS,HYBRID_REVIEW_OWN_COHORT,REVIEW_LEVEL_OR_SINGLE_STUDY_SUMMARY,SUPPORTING_CONCORDANCE_ONLY,NO,Select one anchor review per cell; do not treat overlapping review estimates as independent.,0.65,0.54,0.74,,,PROBABILITY,0.65,0.54,0.74,
FE-0058,FT-028,Callosal angle,Shunt responder vs nonresponder,Varied,DOR,1.88,NR,NR,<0.01,Callosal angle 5; PVWM 3,NR,NR,Univariate meta-analysis,Reported in forest plots,Study-specific,DOR>1,NR,SYSTEMATIC_REVIEW_COMPONENT,MESCLADOS 3,M3 pp.106–156; Fig.8,NO,CONSENSUS_3_REVIEWERS,STRUCTURAL_IMAGING,POOLED_OR_REVIEW_LEVEL_ESTIMATE,ANCHOR_ESTIMATE_FOR_CELL,NO,Select one anchor review per cell; do not treat overlapping review estimates as independent.,1.88,,,5.0,,RATIO,1.88,,,1.0
FE-0059,FT-028,Periventricular white matter changes,Shunt responder vs nonresponder,Varied,DOR,1.01,NR,NR,<0.01,Callosal angle 5; PVWM 3,NR,NR,Univariate meta-analysis,Reported in forest plots,Study-specific,DOR>1,NR,SYSTEMATIC_REVIEW_COMPONENT,MESCLADOS 3,M3 pp.106–156; Fig.8,NO,CONSENSUS_3_REVIEWERS,STRUCTURAL_IMAGING,POOLED_OR_REVIEW_LEVEL_ESTIMATE,ANCHOR_ESTIMATE_FOR_CELL,NO,Select one anchor review per cell; do not treat overlapping review estimates as independent.,1.01,,,5.0,,RATIO,1.01,,,1.0
FE-0060,FT-028,DESH,Shunt responder vs nonresponder,Varied,Pooled DOR,NOT_SIGNIFICANT,NR,NR,>0.05,NÃO EXTRAÍVEL,NR,NR,Univariate meta-analysis,NR,Study-specific,No significant discrimination,NR,SYSTEMATIC_REVIEW_COMPONENT,MESCLADOS 3,M3 pp.106–156; Fig.8,NO,CONSENSUS_3_REVIEWERS,STRUCTURAL_IMAGING,POOLED_OR_REVIEW_LEVEL_ESTIMATE,ANCHOR_ESTIMATE_FOR_CELL,NO,Select one anchor review per cell; do not treat overlapping review estimates as independent.,,,,,,RATIO,,,,1.0
FE-0061,FT-028,CT cisternography,Shunt responder vs nonresponder,Varied,Pooled DOR,NOT_SIGNIFICANT,NR,NR,>0.05,NÃO EXTRAÍVEL,NR,NR,Univariate meta-analysis,NR,Study-specific,No significant discrimination,NR,SYSTEMATIC_REVIEW_COMPONENT,MESCLADOS 3,M3 pp.106–156; Fig.8,NO,CONSENSUS_3_REVIEWERS,STRUCTURAL_IMAGING,POOLED_OR_REVIEW_LEVEL_ESTIMATE,ANCHOR_ESTIMATE_FOR_CELL,NO,Select one anchor review per cell; do not treat overlapping review estimates as independent.,,,,,,RATIO,,,,1.0
FE-0062,FT-028,Cerebral blood flow,Shunt responder vs nonresponder,Varied,Pooled DOR,NOT_SIGNIFICANT,NR,NR,>0.05,NÃO EXTRAÍVEL,NR,NR,Univariate meta-analysis,NR,Study-specific,No significant discrimination,NR,SYSTEMATIC_REVIEW_COMPONENT,MESCLADOS 3,M3 pp.106–156; Fig.8,NO,CONSENSUS_3_REVIEWERS,STRUCTURAL_IMAGING,POOLED_OR_REVIEW_LEVEL_ESTIMATE,ANCHOR_ESTIMATE_FOR_CELL,NO,Select one anchor review per cell; do not treat overlapping review estimates as independent.,,,,,,RATIO,,,,1.0
FE-0063,FT-030,CSF phosphorylated tau,Shunt responder vs nonresponder,Varied,SMD,-0.55,NR,NR,0.04,NÃO EXTRAÍVEL,NÃO EXTRAÍVEL,NR,Random-effects univariate meta-analysis,Reported in forest plots,Continuous biomarker,Negative=lower level in responders (as coded),NR,SYSTEMATIC_REVIEW_COMPONENT,MESCLADOS 3,M3 pp.78–105; biomarker meta-analysis figures,NO,CONSENSUS_3_REVIEWERS,BIOMARKERS,POOLED_OR_REVIEW_LEVEL_ESTIMATE,ANCHOR_ESTIMATE_FOR_CELL,NO,Select one anchor review per cell; do not treat overlapping review estimates as independent.,-0.55,,,,,DIFFERENCE,-0.55,,,0.0
FE-0064,FT-030,CSF total tau,Shunt responder vs nonresponder,Varied,SMD,-0.5,NR,NR,0.02,NÃO EXTRAÍVEL,NÃO EXTRAÍVEL,NR,Random-effects univariate meta-analysis,Reported in forest plots,Continuous biomarker,Negative=lower level in responders (as coded),NR,SYSTEMATIC_REVIEW_COMPONENT,MESCLADOS 3,M3 pp.78–105; biomarker meta-analysis figures,NO,CONSENSUS_3_REVIEWERS,BIOMARKERS,POOLED_OR_REVIEW_LEVEL_ESTIMATE,ANCHOR_ESTIMATE_FOR_CELL,NO,Select one anchor review per cell; do not treat overlapping review estimates as independent.,-0.5,,,,,DIFFERENCE,-0.5,,,0.0
FE-0065,FT-030,CSF amyloid-β42,Shunt responder vs nonresponder,Varied,SMD,-0.26,NR,NR,0.55,4,254,NR,Random-effects univariate meta-analysis,Reported in forest plots,Continuous biomarker,Negative=lower level in responders (as coded),NR,SYSTEMATIC_REVIEW_COMPONENT,MESCLADOS 3,M3 pp.78–105; biomarker meta-analysis figures,NO,CONSENSUS_3_REVIEWERS,BIOMARKERS,POOLED_OR_REVIEW_LEVEL_ESTIMATE,ANCHOR_ESTIMATE_FOR_CELL,NO,Select one anchor review per cell; do not treat overlapping review estimates as independent.,-0.26,,,4.0,254.0,DIFFERENCE,-0.26,,,0.0
FE-0066,FT-031,Intracranial pressure monitoring,Shunt response,Varied,DOR,50.9,NR,NR,NR,NÃO EXTRAÍVEL,NR,NR,Univariate/bivariate diagnostic meta-analysis,NR,Study-specific,Higher=better discrimination,NR,SYSTEMATIC_REVIEW_COMPONENT,MESCLADOS 3,M3 pp.46–77; summary ROC/meta-analysis,NO,CONSENSUS_3_REVIEWERS,COMPARATIVE_PROGNOSTIC_TESTS,POOLED_OR_REVIEW_LEVEL_ESTIMATE,ANCHOR_ESTIMATE_FOR_CELL,NO,Select one anchor review per cell; do not treat overlapping review estimates as independent.,50.9,,,,,RATIO,50.9,,,1.0
FE-0067,FT-031,Intracranial pressure monitoring,Shunt response,Varied,AUC,0.836,NR,NR,NR,NÃO EXTRAÍVEL,NR,NR,SROC,NR,Study-specific,Higher=better discrimination,NR,SYSTEMATIC_REVIEW_COMPONENT,MESCLADOS 3,M3 pp.46–77; SROC,NO,CONSENSUS_3_REVIEWERS,COMPARATIVE_PROGNOSTIC_TESTS,POOLED_OR_REVIEW_LEVEL_ESTIMATE,ANCHOR_ESTIMATE_FOR_CELL,NO,Select one anchor review per cell; do not treat overlapping review estimates as independent.,0.8360000000000001,,,,,PROBABILITY,0.8360000000000001,,,
FE-0068,FT-031,Extended lumbar drainage,Shunt response,Varied,DOR,27.7,NR,NR,NR,NÃO EXTRAÍVEL,NR,NR,Univariate/bivariate diagnostic meta-analysis,NR,Study-specific,Higher=better discrimination,NR,SYSTEMATIC_REVIEW_COMPONENT,MESCLADOS 3,M3 pp.46–77; summary ROC/meta-analysis,NO,CONSENSUS_3_REVIEWERS,COMPARATIVE_PROGNOSTIC_TESTS,POOLED_OR_REVIEW_LEVEL_ESTIMATE,ANCHOR_ESTIMATE_FOR_CELL,NO,Select one anchor review per cell; do not treat overlapping review estimates as independent.,27.7,,,,,RATIO,27.7,,,1.0
FE-0069,FT-031,Extended lumbar drainage,Shunt response,Varied,AUC,0.753,NR,NR,NR,NÃO EXTRAÍVEL,NR,NR,SROC,NR,Study-specific,Higher=better discrimination,NR,SYSTEMATIC_REVIEW_COMPONENT,MESCLADOS 3,M3 pp.46–77; SROC,NO,CONSENSUS_3_REVIEWERS,COMPARATIVE_PROGNOSTIC_TESTS,POOLED_OR_REVIEW_LEVEL_ESTIMATE,ANCHOR_ESTIMATE_FOR_CELL,NO,Select one anchor review per cell; do not treat overlapping review estimates as independent.,0.753,,,,,PROBABILITY,0.753,,,
FE-0070,FT-031,Infusion test,Shunt response,Varied,DOR,5.7,NR,NR,NR,NÃO EXTRAÍVEL,NR,NR,Univariate/bivariate diagnostic meta-analysis,NR,Study-specific,Higher=better discrimination,NR,SYSTEMATIC_REVIEW_COMPONENT,MESCLADOS 3,M3 pp.46–77; summary ROC/meta-analysis,NO,CONSENSUS_3_REVIEWERS,COMPARATIVE_PROGNOSTIC_TESTS,POOLED_OR_REVIEW_LEVEL_ESTIMATE,ANCHOR_ESTIMATE_FOR_CELL,NO,Select one anchor review per cell; do not treat overlapping review estimates as independent.,5.7,,,,,RATIO,5.7,,,1.0
FE-0071,FT-031,Infusion test,Shunt response,Varied,AUC,0.729,NR,NR,NR,NÃO EXTRAÍVEL,NR,NR,SROC,NR,Study-specific,Higher=better discrimination,NR,SYSTEMATIC_REVIEW_COMPONENT,MESCLADOS 3,M3 pp.46–77; SROC,NO,CONSENSUS_3_REVIEWERS,COMPARATIVE_PROGNOSTIC_TESTS,POOLED_OR_REVIEW_LEVEL_ESTIMATE,ANCHOR_ESTIMATE_FOR_CELL,NO,Select one anchor review per cell; do not treat overlapping review estimates as independent.,0.729,,,,,PROBABILITY,0.729,,,
FE-0072,FT-031,Tap test,Shunt response,Varied,DOR,3.86,NR,NR,NR,NÃO EXTRAÍVEL,NR,NR,Univariate/bivariate diagnostic meta-analysis,NR,Study-specific,Higher=better discrimination,NR,SYSTEMATIC_REVIEW_COMPONENT,MESCLADOS 3,M3 pp.46–77; summary ROC/meta-analysis,NO,CONSENSUS_3_REVIEWERS,COMPARATIVE_PROGNOSTIC_TESTS,POOLED_OR_REVIEW_LEVEL_ESTIMATE,ANCHOR_ESTIMATE_FOR_CELL,NO,Select one anchor review per cell; do not treat overlapping review estimates as independent.,3.86,,,,,RATIO,3.86,,,1.0
FE-0073,FT-031,Tap test,Shunt response,Varied,AUC,0.711,NR,NR,NR,NÃO EXTRAÍVEL,NR,NR,SROC,NR,Study-specific,Higher=better discrimination,NR,SYSTEMATIC_REVIEW_COMPONENT,MESCLADOS 3,M3 pp.46–77; SROC,NO,CONSENSUS_3_REVIEWERS,COMPARATIVE_PROGNOSTIC_TESTS,POOLED_OR_REVIEW_LEVEL_ESTIMATE,ANCHOR_ESTIMATE_FOR_CELL,NO,Select one anchor review per cell; do not treat overlapping review estimates as independent.,0.711,,,,,PROBABILITY,0.711,,,
FE-0074,FT-036,Extended lumbar drainage,Post-shunt response,Varied,Sensitivity,0.94,0.41,1,NR,4,84,NR,Random-effects DTA meta-analysis,Sparse; wide intervals,Study-specific ELD response,Diagnostic accuracy,NR,SYSTEMATIC_REVIEW_COMPONENT,MESCLADOS 2,M2 pp.141–148; abstract/results,NO,CONSENSUS_3_REVIEWERS,ELD_DTA,POOLED_OR_REVIEW_LEVEL_ESTIMATE,ANCHOR_ESTIMATE_FOR_CELL,NO,Select one anchor review per cell; do not treat overlapping review estimates as independent.,0.94,0.41,1.0,4.0,84.0,PROBABILITY,0.94,0.41,1.0,
FE-0075,FT-036,Extended lumbar drainage,Post-shunt response,Varied,Specificity,0.85,0.33,1,NR,4,84,NR,Random-effects DTA meta-analysis,Sparse; wide intervals,Study-specific ELD response,Diagnostic accuracy,NR,SYSTEMATIC_REVIEW_COMPONENT,MESCLADOS 2,M2 pp.141–148; abstract/results,NO,CONSENSUS_3_REVIEWERS,ELD_DTA,POOLED_OR_REVIEW_LEVEL_ESTIMATE,ANCHOR_ESTIMATE_FOR_CELL,NO,Select one anchor review per cell; do not treat overlapping review estimates as independent.,0.8500000000000001,0.3299999999999999,1.0,4.0,84.0,PROBABILITY,0.8500000000000001,0.3299999999999999,1.0,
FE-0076,FT-036,Extended lumbar drainage,Post-shunt response,Varied,PPV,0.9,0.65,1,NR,4,84,NR,Random-effects DTA meta-analysis,Sparse; wide intervals,Study-specific ELD response,Diagnostic accuracy,NR,SYSTEMATIC_REVIEW_COMPONENT,MESCLADOS 2,M2 pp.141–148; abstract/results,NO,CONSENSUS_3_REVIEWERS,ELD_DTA,POOLED_OR_REVIEW_LEVEL_ESTIMATE,ANCHOR_ESTIMATE_FOR_CELL,NO,Select one anchor review per cell; do not treat overlapping review estimates as independent.,0.9,0.65,1.0,4.0,84.0,PROBABILITY,0.9,0.65,1.0,
FE-0077,FT-036,Extended lumbar drainage,Post-shunt response,Varied,NPV,0.9,0.48,1,NR,4,84,NR,Random-effects DTA meta-analysis,Sparse; wide intervals,Study-specific ELD response,Diagnostic accuracy,NR,SYSTEMATIC_REVIEW_COMPONENT,MESCLADOS 2,M2 pp.141–148; abstract/results,NO,CONSENSUS_3_REVIEWERS,ELD_DTA,POOLED_OR_REVIEW_LEVEL_ESTIMATE,ANCHOR_ESTIMATE_FOR_CELL,NO,Select one anchor review per cell; do not treat overlapping review estimates as independent.,0.9,0.48,1.0,4.0,84.0,PROBABILITY,0.9,0.48,1.0,
FE-0078,FT-038,18-m walk test,Clinical response after trial CSF removal / shunt outcome where reported,Short after drainage; shunt follow-up varied,Sensitivity,0.83,0.57,0.99,NR,NÃO EXTRAÍVEL,NÃO EXTRAÍVEL,NR,Bivariate/random-effects summary where possible,NR,Study-specific change threshold,Diagnostic accuracy,NR,SYSTEMATIC_REVIEW_COMPONENT,MESCLADOS 2,M2 pp.248–259; summary estimates,NO,CONSENSUS_3_REVIEWERS,TEMPORARY_CSF_TESTS,REVIEW_LEVEL_OR_SINGLE_STUDY_SUMMARY,SUPPORTING_CONCORDANCE_ONLY,NO,Select one anchor review per cell; do not treat overlapping review estimates as independent.,0.8300000000000001,0.5700000000000001,0.99,,,PROBABILITY,0.8300000000000001,0.5700000000000001,0.99,
FE-0079,FT-038,18-m walk test,Clinical response after trial CSF removal / shunt outcome where reported,Short after drainage; shunt follow-up varied,Specificity,0.67,0.33,0.95,NR,NÃO EXTRAÍVEL,NÃO EXTRAÍVEL,NR,Bivariate/random-effects summary where possible,NR,Study-specific change threshold,Diagnostic accuracy,NR,SYSTEMATIC_REVIEW_COMPONENT,MESCLADOS 2,M2 pp.248–259; summary estimates,NO,CONSENSUS_3_REVIEWERS,TEMPORARY_CSF_TESTS,REVIEW_LEVEL_OR_SINGLE_STUDY_SUMMARY,SUPPORTING_CONCORDANCE_ONLY,NO,Select one anchor review per cell; do not treat overlapping review estimates as independent.,0.6699999999999999,0.3299999999999999,0.95,,,PROBABILITY,0.6699999999999999,0.3299999999999999,0.95,
FE-0080,FT-038,Video-recorded gait assessment,Clinical response after trial CSF removal / shunt outcome where reported,Short after drainage; shunt follow-up varied,Sensitivity,0.85,0.47,0.99,NR,NÃO EXTRAÍVEL,NÃO EXTRAÍVEL,NR,Bivariate/random-effects summary where possible,NR,Study-specific change threshold,Diagnostic accuracy,NR,SYSTEMATIC_REVIEW_COMPONENT,MESCLADOS 2,M2 pp.248–259; summary estimates,NO,CONSENSUS_3_REVIEWERS,TEMPORARY_CSF_TESTS,REVIEW_LEVEL_OR_SINGLE_STUDY_SUMMARY,SUPPORTING_CONCORDANCE_ONLY,NO,Select one anchor review per cell; do not treat overlapping review estimates as independent.,0.8500000000000001,0.47,0.99,,,PROBABILITY,0.8500000000000001,0.47,0.99,
FE-0081,FT-038,Video-recorded gait assessment,Clinical response after trial CSF removal / shunt outcome where reported,Short after drainage; shunt follow-up varied,Specificity,0.68,0.33,0.96,NR,NÃO EXTRAÍVEL,NÃO EXTRAÍVEL,NR,Bivariate/random-effects summary where possible,NR,Study-specific change threshold,Diagnostic accuracy,NR,SYSTEMATIC_REVIEW_COMPONENT,MESCLADOS 2,M2 pp.248–259; summary estimates,NO,CONSENSUS_3_REVIEWERS,TEMPORARY_CSF_TESTS,REVIEW_LEVEL_OR_SINGLE_STUDY_SUMMARY,SUPPORTING_CONCORDANCE_ONLY,NO,Select one anchor review per cell; do not treat overlapping review estimates as independent.,0.6799999999999999,0.3299999999999999,0.96,,,PROBABILITY,0.6799999999999999,0.3299999999999999,0.96,
FE-0082,FT-038,Cognitive test battery,Clinical response after trial CSF removal / shunt outcome where reported,Short after drainage; shunt follow-up varied,Sensitivity,0.82,0.41,0.99,NR,NÃO EXTRAÍVEL,NÃO EXTRAÍVEL,NR,Bivariate/random-effects summary where possible,NR,Study-specific change threshold,Diagnostic accuracy,NR,SYSTEMATIC_REVIEW_COMPONENT,MESCLADOS 2,M2 pp.248–259; summary estimates,NO,CONSENSUS_3_REVIEWERS,TEMPORARY_CSF_TESTS,REVIEW_LEVEL_OR_SINGLE_STUDY_SUMMARY,SUPPORTING_CONCORDANCE_ONLY,NO,Select one anchor review per cell; do not treat overlapping review estimates as independent.,0.8200000000000001,0.41,0.99,,,PROBABILITY,0.8200000000000001,0.41,0.99,
FE-0083,FT-038,Cognitive test battery,Clinical response after trial CSF removal / shunt outcome where reported,Short after drainage; shunt follow-up varied,Specificity,0.75,0.39,0.99,NR,NÃO EXTRAÍVEL,NÃO EXTRAÍVEL,NR,Bivariate/random-effects summary where possible,NR,Study-specific change threshold,Diagnostic accuracy,NR,SYSTEMATIC_REVIEW_COMPONENT,MESCLADOS 2,M2 pp.248–259; summary estimates,NO,CONSENSUS_3_REVIEWERS,TEMPORARY_CSF_TESTS,REVIEW_LEVEL_OR_SINGLE_STUDY_SUMMARY,SUPPORTING_CONCORDANCE_ONLY,NO,Select one anchor review per cell; do not treat overlapping review estimates as independent.,0.75,0.39,0.99,,,PROBABILITY,0.75,0.39,0.99,
FE-0084,FT-038,Timed Up and Go,Clinical response after trial CSF removal / shunt outcome where reported,Short after drainage; shunt follow-up varied,Sensitivity,0.89,0.79,0.95,NR,NÃO EXTRAÍVEL,NÃO EXTRAÍVEL,NR,Bivariate/random-effects summary where possible,NR,Study-specific change threshold,Diagnostic accuracy,NR,SYSTEMATIC_REVIEW_COMPONENT,MESCLADOS 2,M2 pp.248–259; summary estimates,NO,CONSENSUS_3_REVIEWERS,TEMPORARY_CSF_TESTS,REVIEW_LEVEL_OR_SINGLE_STUDY_SUMMARY,SUPPORTING_CONCORDANCE_ONLY,NO,Select one anchor review per cell; do not treat overlapping review estimates as independent.,0.89,0.7899999999999999,0.95,,,PROBABILITY,0.89,0.7899999999999999,0.95,
FE-0085,FT-038,Timed Up and Go,Clinical response after trial CSF removal / shunt outcome where reported,Short after drainage; shunt follow-up varied,Specificity,0.63,0.24,0.9,NR,NÃO EXTRAÍVEL,NÃO EXTRAÍVEL,NR,Bivariate/random-effects summary where possible,NR,Study-specific change threshold,Diagnostic accuracy,NR,SYSTEMATIC_REVIEW_COMPONENT,MESCLADOS 2,M2 pp.248–259; summary estimates,NO,CONSENSUS_3_REVIEWERS,TEMPORARY_CSF_TESTS,REVIEW_LEVEL_OR_SINGLE_STUDY_SUMMARY,SUPPORTING_CONCORDANCE_ONLY,NO,Select one anchor review per cell; do not treat overlapping review estimates as independent.,0.63,0.24,0.9,,,PROBABILITY,0.63,0.24,0.9,
FE-0086,FT-043,CSF tap test,Post-shunt response,≥3 months,PPV,0.92,0.73,1,NR,8,482,NR,Narrative aggregate/range; not formal meta-analysis,NR,Study-specific,Diagnostic accuracy,NR,SYSTEMATIC_REVIEW_COMPONENT,MESCLADOS 2,M2 pp.122–128; abstract/Table 3,NO,CONSENSUS_3_REVIEWERS,TEMPORARY_CSF_TESTS,REVIEW_LEVEL_OR_SINGLE_STUDY_SUMMARY,SUPPORTING_CONCORDANCE_ONLY,NO,Select one anchor review per cell; do not treat overlapping review estimates as independent.,0.92,0.73,1.0,8.0,482.0,PROBABILITY,0.92,0.73,1.0,
FE-0087,FT-043,CSF tap test,Post-shunt response,≥3 months,NPV,0.37,0.18,0.5,NR,8,482,NR,Narrative aggregate/range; not formal meta-analysis,NR,Study-specific,Diagnostic accuracy,NR,SYSTEMATIC_REVIEW_COMPONENT,MESCLADOS 2,M2 pp.122–128; abstract/Table 3,NO,CONSENSUS_3_REVIEWERS,TEMPORARY_CSF_TESTS,REVIEW_LEVEL_OR_SINGLE_STUDY_SUMMARY,SUPPORTING_CONCORDANCE_ONLY,NO,Select one anchor review per cell; do not treat overlapping review estimates as independent.,0.37,0.18,0.5,8.0,482.0,PROBABILITY,0.37,0.18,0.5,
FE-0088,FT-043,CSF tap test,Post-shunt response,≥3 months,Sensitivity,0.58,0.26,0.87,NR,8,482,NR,Narrative aggregate/range; not formal meta-analysis,NR,Study-specific,Diagnostic accuracy,NR,SYSTEMATIC_REVIEW_COMPONENT,MESCLADOS 2,M2 pp.122–128; abstract/Table 3,NO,CONSENSUS_3_REVIEWERS,TEMPORARY_CSF_TESTS,REVIEW_LEVEL_OR_SINGLE_STUDY_SUMMARY,SUPPORTING_CONCORDANCE_ONLY,NO,Select one anchor review per cell; do not treat overlapping review estimates as independent.,0.58,0.26,0.8700000000000001,8.0,482.0,PROBABILITY,0.58,0.26,0.8700000000000001,
FE-0089,FT-043,CSF tap test,Post-shunt response,≥3 months,Specificity,0.75,0.33,1,NR,8,482,NR,Narrative aggregate/range; not formal meta-analysis,NR,Study-specific,Diagnostic accuracy,NR,SYSTEMATIC_REVIEW_COMPONENT,MESCLADOS 2,M2 pp.122–128; abstract/Table 3,NO,CONSENSUS_3_REVIEWERS,TEMPORARY_CSF_TESTS,REVIEW_LEVEL_OR_SINGLE_STUDY_SUMMARY,SUPPORTING_CONCORDANCE_ONLY,NO,Select one anchor review per cell; do not treat overlapping review estimates as independent.,0.75,0.3299999999999999,1.0,8.0,482.0,PROBABILITY,0.75,0.3299999999999999,1.0,
FE-0090,FT-043,CSF tap test,Post-shunt response,≥3 months,Accuracy,0.62,0.45,0.83,NR,8,482,NR,Narrative aggregate/range; not formal meta-analysis,NR,Study-specific,Diagnostic accuracy,NR,SYSTEMATIC_REVIEW_COMPONENT,MESCLADOS 2,M2 pp.122–128; abstract/Table 3,NO,CONSENSUS_3_REVIEWERS,TEMPORARY_CSF_TESTS,REVIEW_LEVEL_OR_SINGLE_STUDY_SUMMARY,SUPPORTING_CONCORDANCE_ONLY,NO,Select one anchor review per cell; do not treat overlapping review estimates as independent.,0.62,0.45,0.8300000000000001,8.0,482.0,PROBABILITY,0.62,0.45,0.8300000000000001,
FE-0091,FT-044,Resistance to CSF outflow,Shunt response,Varied,OR,2.82,NR,NR,NR,7 for 10; 9 for 18; varies,389,272,Fixed-effect Mantel–Haenszel,I²=19%; Q p=0.29,Rout >10 mmHg/mL/min,OR>1 favors response,NR,SYSTEMATIC_REVIEW_COMPONENT,MESCLADOS 2,M2 pp.1–9; Fig.3/Table 2,NO,CONSENSUS_3_REVIEWERS,ROUT_THRESHOLDS,REVIEW_LEVEL_OR_SINGLE_STUDY_SUMMARY,SUPPORTING_CONCORDANCE_ONLY,NO,Select one anchor review per cell; do not treat overlapping review estimates as independent.,2.82,,,7.0,389.0,RATIO,2.82,,,1.0
FE-0092,FT-044,Resistance to CSF outflow,Shunt response,Varied,PPV,0.7884,NR,NR,NR,varies,389,NR,Derived from pooled 2×2 counts,NR,Rout >10 mmHg/mL/min,Higher=more responders among test-positive,NR,SYSTEMATIC_REVIEW_COMPONENT,MESCLADOS 2,M2 pp.1–9; Table 2,NO,CONSENSUS_3_REVIEWERS,ROUT_THRESHOLDS,REVIEW_LEVEL_OR_SINGLE_STUDY_SUMMARY,SUPPORTING_CONCORDANCE_ONLY,NO,Select one anchor review per cell; do not treat overlapping review estimates as independent.,0.7883999999999999,,,,389.0,PROBABILITY,0.7883999999999999,,,
FE-0093,FT-044,Resistance to CSF outflow,Shunt nonresponse,Varied,NPV,0.4318,NR,NR,NR,varies,389,NR,Derived from pooled 2×2 counts,NR,Rout >10 mmHg/mL/min,Low=negative test does not rule out response,NR,SYSTEMATIC_REVIEW_COMPONENT,MESCLADOS 2,M2 pp.1–9; Table 2,NO,CONSENSUS_3_REVIEWERS,ROUT_THRESHOLDS,REVIEW_LEVEL_OR_SINGLE_STUDY_SUMMARY,SUPPORTING_CONCORDANCE_ONLY,NO,Select one anchor review per cell; do not treat overlapping review estimates as independent.,0.4318000000000001,,,,389.0,PROBABILITY,0.4318000000000001,,,
FE-0094,FT-044,Resistance to CSF outflow,Shunt response,Varied,OR,3.58,NR,NR,NR,7 for 10; 9 for 18; varies,499,390,Fixed-effect Mantel–Haenszel,I²=70%; Q p=0.002,Rout >12 mmHg/mL/min,OR>1 favors response,NR,SYSTEMATIC_REVIEW_COMPONENT,MESCLADOS 2,M2 pp.1–9; Fig.3/Table 2,NO,CONSENSUS_3_REVIEWERS,ROUT_THRESHOLDS,REVIEW_LEVEL_OR_SINGLE_STUDY_SUMMARY,SUPPORTING_CONCORDANCE_ONLY,NO,Select one anchor review per cell; do not treat overlapping review estimates as independent.,3.58,,,7.0,499.0,RATIO,3.58,,,1.0
FE-0095,FT-044,Resistance to CSF outflow,Shunt response,Varied,PPV,0.8437,NR,NR,NR,varies,499,NR,Derived from pooled 2×2 counts,NR,Rout >12 mmHg/mL/min,Higher=more responders among test-positive,NR,SYSTEMATIC_REVIEW_COMPONENT,MESCLADOS 2,M2 pp.1–9; Table 2,NO,CONSENSUS_3_REVIEWERS,ROUT_THRESHOLDS,REVIEW_LEVEL_OR_SINGLE_STUDY_SUMMARY,SUPPORTING_CONCORDANCE_ONLY,NO,Select one anchor review per cell; do not treat overlapping review estimates as independent.,0.8437000000000001,,,,499.0,PROBABILITY,0.8437000000000001,,,
FE-0096,FT-044,Resistance to CSF outflow,Shunt nonresponse,Varied,NPV,0.3984,NR,NR,NR,varies,499,NR,Derived from pooled 2×2 counts,NR,Rout >12 mmHg/mL/min,Low=negative test does not rule out response,NR,SYSTEMATIC_REVIEW_COMPONENT,MESCLADOS 2,M2 pp.1–9; Table 2,NO,CONSENSUS_3_REVIEWERS,ROUT_THRESHOLDS,REVIEW_LEVEL_OR_SINGLE_STUDY_SUMMARY,SUPPORTING_CONCORDANCE_ONLY,NO,Select one anchor review per cell; do not treat overlapping review estimates as independent.,0.3984,,,,499.0,PROBABILITY,0.3984,,,
FE-0097,FT-044,Resistance to CSF outflow,Shunt response,Varied,Sensitivity,0.8026,NR,NR,NR,9,499,NR,Derived from pooled counts,NR,Rout >12 mmHg/mL/min,Diagnostic accuracy,NR,SYSTEMATIC_REVIEW_COMPONENT,MESCLADOS 2,M2 pp.1–9; abstract/Table 2,NO,CONSENSUS_3_REVIEWERS,ROUT_THRESHOLDS,REVIEW_LEVEL_OR_SINGLE_STUDY_SUMMARY,SUPPORTING_CONCORDANCE_ONLY,NO,Select one anchor review per cell; do not treat overlapping review estimates as independent.,0.8026000000000001,,,9.0,499.0,PROBABILITY,0.8026000000000001,,,
FE-0098,FT-044,Resistance to CSF outflow,Shunt response,Varied,Specificity,0.4679,NR,NR,NR,9,499,NR,Derived from pooled counts,NR,Rout >12 mmHg/mL/min,Diagnostic accuracy,NR,SYSTEMATIC_REVIEW_COMPONENT,MESCLADOS 2,M2 pp.1–9; abstract/Table 2,NO,CONSENSUS_3_REVIEWERS,ROUT_THRESHOLDS,REVIEW_LEVEL_OR_SINGLE_STUDY_SUMMARY,SUPPORTING_CONCORDANCE_ONLY,NO,Select one anchor review per cell; do not treat overlapping review estimates as independent.,0.4679,,,9.0,499.0,PROBABILITY,0.4679,,,
FE-0099,FT-044,Resistance to CSF outflow,Shunt response,Varied,OR,2.72,NR,NR,NR,7 for 10; 9 for 18; varies,NÃO EXTRAÍVEL,NÃO EXTRAÍVEL,Fixed-effect Mantel–Haenszel,NR,Rout >15 mmHg/mL/min,OR>1 favors response,NR,SYSTEMATIC_REVIEW_COMPONENT,MESCLADOS 2,M2 pp.1–9; Fig.3/Table 2,NO,CONSENSUS_3_REVIEWERS,ROUT_THRESHOLDS,REVIEW_LEVEL_OR_SINGLE_STUDY_SUMMARY,SUPPORTING_CONCORDANCE_ONLY,NO,Select one anchor review per cell; do not treat overlapping review estimates as independent.,2.72,,,7.0,,RATIO,2.72,,,1.0
FE-0100,FT-044,Resistance to CSF outflow,Shunt response,Varied,PPV,0.8451,NR,NR,NR,varies,NÃO EXTRAÍVEL,NR,Derived from pooled 2×2 counts,NR,Rout >15 mmHg/mL/min,Higher=more responders among test-positive,NR,SYSTEMATIC_REVIEW_COMPONENT,MESCLADOS 2,M2 pp.1–9; Table 2,NO,CONSENSUS_3_REVIEWERS,ROUT_THRESHOLDS,REVIEW_LEVEL_OR_SINGLE_STUDY_SUMMARY,SUPPORTING_CONCORDANCE_ONLY,NO,Select one anchor review per cell; do not treat overlapping review estimates as independent.,0.8451000000000001,,,,,PROBABILITY,0.8451000000000001,,,
FE-0101,FT-044,Resistance to CSF outflow,Shunt nonresponse,Varied,NPV,0.3497,NR,NR,NR,varies,NÃO EXTRAÍVEL,NR,Derived from pooled 2×2 counts,NR,Rout >15 mmHg/mL/min,Low=negative test does not rule out response,NR,SYSTEMATIC_REVIEW_COMPONENT,MESCLADOS 2,M2 pp.1–9; Table 2,NO,CONSENSUS_3_REVIEWERS,ROUT_THRESHOLDS,REVIEW_LEVEL_OR_SINGLE_STUDY_SUMMARY,SUPPORTING_CONCORDANCE_ONLY,NO,Select one anchor review per cell; do not treat overlapping review estimates as independent.,0.3496999999999999,,,,,PROBABILITY,0.3496999999999999,,,
FE-0102,FT-044,Resistance to CSF outflow,Shunt response,Varied,OR,2.38,NR,NR,NR,7 for 10; 9 for 18; varies,NÃO EXTRAÍVEL,NÃO EXTRAÍVEL,Fixed-effect Mantel–Haenszel,NR,Rout >18 mmHg/mL/min,OR>1 favors response,NR,SYSTEMATIC_REVIEW_COMPONENT,MESCLADOS 2,M2 pp.1–9; Fig.3/Table 2,NO,CONSENSUS_3_REVIEWERS,ROUT_THRESHOLDS,REVIEW_LEVEL_OR_SINGLE_STUDY_SUMMARY,SUPPORTING_CONCORDANCE_ONLY,NO,Select one anchor review per cell; do not treat overlapping review estimates as independent.,2.38,,,7.0,,RATIO,2.38,,,1.0
FE-0103,FT-044,Resistance to CSF outflow,Shunt response,Varied,PPV,0.8605,NR,NR,NR,varies,NÃO EXTRAÍVEL,NR,Derived from pooled 2×2 counts,NR,Rout >18 mmHg/mL/min,Higher=more responders among test-positive,NR,SYSTEMATIC_REVIEW_COMPONENT,MESCLADOS 2,M2 pp.1–9; Table 2,NO,CONSENSUS_3_REVIEWERS,ROUT_THRESHOLDS,REVIEW_LEVEL_OR_SINGLE_STUDY_SUMMARY,SUPPORTING_CONCORDANCE_ONLY,NO,Select one anchor review per cell; do not treat overlapping review estimates as independent.,0.8605,,,,,PROBABILITY,0.8605,,,
FE-0104,FT-044,Resistance to CSF outflow,Shunt nonresponse,Varied,NPV,0.2684,NR,NR,NR,varies,NÃO EXTRAÍVEL,NR,Derived from pooled 2×2 counts,NR,Rout >18 mmHg/mL/min,Low=negative test does not rule out response,NR,SYSTEMATIC_REVIEW_COMPONENT,MESCLADOS 2,M2 pp.1–9; Table 2,NO,CONSENSUS_3_REVIEWERS,ROUT_THRESHOLDS,REVIEW_LEVEL_OR_SINGLE_STUDY_SUMMARY,SUPPORTING_CONCORDANCE_ONLY,NO,Select one anchor review per cell; do not treat overlapping review estimates as independent.,0.2684,,,,,PROBABILITY,0.2684,,,
FE-0105,FT-053,Shunt surgery,Any postoperative improvement,Varied,Pooled/aggregate proportion (%),59,NR,NR,NR,44 review reports / subset varies,NÃO EXTRAÍVEL,NR,Weighted/aggregate narrative synthesis,range 24–100%,,BENEFIT,NR,SYSTEMATIC_REVIEW_COMPONENT,MESCLADOS 1,M1 pp.205–225; abstract/results,NO,CONSENSUS_3_REVIEWERS,BENEFIT_HARM_DURABILITY,REVIEW_LEVEL_OR_SINGLE_STUDY_SUMMARY,SUPPORTING_CONCORDANCE_ONLY,NO,Select one anchor review per cell; do not treat overlapping review estimates as independent.,59.0,,,44.0,,PROBABILITY,0.59,,,
FE-0106,FT-053,Shunt surgery,Prolonged improvement,Varied,Pooled/aggregate proportion (%),29,NR,NR,NR,44 review reports / subset varies,NÃO EXTRAÍVEL,NR,Weighted/aggregate narrative synthesis,range 10–100%,,BENEFIT,NR,SYSTEMATIC_REVIEW_COMPONENT,MESCLADOS 1,M1 pp.205–225; abstract/results,YES for 29% conclusion wording,CONSENSUS_3_REVIEWERS,BENEFIT_HARM_DURABILITY,REVIEW_LEVEL_OR_SINGLE_STUDY_SUMMARY,SUPPORTING_CONCORDANCE_ONLY,NO,Select one anchor review per cell; do not treat overlapping review estimates as independent.,29.0,,,44.0,,PROBABILITY,0.29,,,
FE-0107,FT-053,Shunt surgery,Any complication,Varied,Pooled/aggregate proportion (%),38,NR,NR,NR,44 review reports / subset varies,NÃO EXTRAÍVEL,NR,Weighted/aggregate narrative synthesis,NR,,HARM,NR,SYSTEMATIC_REVIEW_COMPONENT,MESCLADOS 1,M1 pp.205–225; abstract/results,NO,CONSENSUS_3_REVIEWERS,BENEFIT_HARM_DURABILITY,REVIEW_LEVEL_OR_SINGLE_STUDY_SUMMARY,SUPPORTING_CONCORDANCE_ONLY,NO,Select one anchor review per cell; do not treat overlapping review estimates as independent.,38.0,,,44.0,,PROBABILITY,0.38,,,
FE-0108,FT-053,Shunt surgery,Additional surgery,Varied,Pooled/aggregate proportion (%),22,NR,NR,NR,44 review reports / subset varies,NÃO EXTRAÍVEL,NR,Weighted/aggregate narrative synthesis,NR,,HARM,NR,SYSTEMATIC_REVIEW_COMPONENT,MESCLADOS 1,M1 pp.205–225; abstract/results,NO,CONSENSUS_3_REVIEWERS,BENEFIT_HARM_DURABILITY,REVIEW_LEVEL_OR_SINGLE_STUDY_SUMMARY,SUPPORTING_CONCORDANCE_ONLY,NO,Select one anchor review per cell; do not treat overlapping review estimates as independent.,22.0,,,44.0,,PROBABILITY,0.22,,,
FE-0109,FT-053,Shunt surgery,Permanent neurological deficit or death,Varied,Pooled/aggregate proportion (%),6,NR,NR,NR,44 review reports / subset varies,NÃO EXTRAÍVEL,NR,Weighted/aggregate narrative synthesis,NR,,HARM,NR,SYSTEMATIC_REVIEW_COMPONENT,MESCLADOS 1,M1 pp.205–225; abstract/results,NO,CONSENSUS_3_REVIEWERS,BENEFIT_HARM_DURABILITY,REVIEW_LEVEL_OR_SINGLE_STUDY_SUMMARY,SUPPORTING_CONCORDANCE_ONLY,NO,Select one anchor review per cell; do not treat overlapping review estimates as independent.,6.0,,,44.0,,PROBABILITY,0.06,,,
FE-0110,FT-053,Radionuclide cisternography,Shunt response,Varied,Sensitivity,0.735,NR,NR,NR,NÃO EXTRAÍVEL,64,NR,Pooled 2×2 counts,NR,Study-specific abnormal cisternography,Diagnostic accuracy,NR,SYSTEMATIC_REVIEW_COMPONENT,MESCLADOS 1,M1 pp.205–225; diagnostic-test results,NO,CONSENSUS_3_REVIEWERS,BENEFIT_HARM_DURABILITY,REVIEW_LEVEL_OR_SINGLE_STUDY_SUMMARY,SUPPORTING_CONCORDANCE_ONLY,NO,Select one anchor review per cell; do not treat overlapping review estimates as independent.,0.735,,,,64.0,PROBABILITY,0.735,,,
FE-0111,FT-053,Radionuclide cisternography,Shunt response,Varied,Specificity,0.3,NR,NR,NR,NÃO EXTRAÍVEL,64,NR,Pooled 2×2 counts,NR,Study-specific abnormal cisternography,Diagnostic accuracy,NR,SYSTEMATIC_REVIEW_COMPONENT,MESCLADOS 1,M1 pp.205–225; diagnostic-test results,NO,CONSENSUS_3_REVIEWERS,BENEFIT_HARM_DURABILITY,REVIEW_LEVEL_OR_SINGLE_STUDY_SUMMARY,SUPPORTING_CONCORDANCE_ONLY,NO,Select one anchor review per cell; do not treat overlapping review estimates as independent.,0.3,,,,64.0,PROBABILITY,0.3,,,
FE-0112,FT-053,Radionuclide cisternography,Shunt response,Varied,PPV,0.543,NR,NR,NR,NÃO EXTRAÍVEL,64,NR,Pooled 2×2 counts,NR,Study-specific abnormal cisternography,Diagnostic accuracy,NR,SYSTEMATIC_REVIEW_COMPONENT,MESCLADOS 1,M1 pp.205–225; diagnostic-test results,NO,CONSENSUS_3_REVIEWERS,BENEFIT_HARM_DURABILITY,REVIEW_LEVEL_OR_SINGLE_STUDY_SUMMARY,SUPPORTING_CONCORDANCE_ONLY,NO,Select one anchor review per cell; do not treat overlapping review estimates as independent.,0.543,,,,64.0,PROBABILITY,0.543,,,
FE-0113,FT-053,Radionuclide cisternography,Shunt response,Varied,NPV,0.5,NR,NR,NR,NÃO EXTRAÍVEL,64,NR,Pooled 2×2 counts,NR,Study-specific abnormal cisternography,Diagnostic accuracy,NR,SYSTEMATIC_REVIEW_COMPONENT,MESCLADOS 1,M1 pp.205–225; diagnostic-test results,NO,CONSENSUS_3_REVIEWERS,BENEFIT_HARM_DURABILITY,REVIEW_LEVEL_OR_SINGLE_STUDY_SUMMARY,SUPPORTING_CONCORDANCE_ONLY,NO,Select one anchor review per cell; do not treat overlapping review estimates as independent.,0.5,,,,64.0,PROBABILITY,0.5,,,
FE-0114,FT-059,Shunt vs no shunt,Subjective/global symptom improvement,6 months,Risk difference,0.77,0.55,0.9,NR,NR,NÃO EXTRAÍVEL,NR,Controlled Class II study,NR,,Favors shunt,UNADJUSTED,GUIDELINE_EVIDENCE_SYNTHESIS,MESCLADOS 1,M1 pp.182–190; therapeutic evidence,NO,CONSENSUS_3_REVIEWERS,BENEFIT_HARM_DURABILITY,REVIEW_LEVEL_OR_SINGLE_STUDY_SUMMARY,SUPPORTING_CONCORDANCE_ONLY,NO,Select one anchor review per cell; do not treat overlapping review estimates as independent.,0.77,0.55,0.9,,,DIFFERENCE,0.77,0.55,0.9,0.0
FE-0115,FT-059,Shunt vs no shunt,Gait improvement,6 months,Risk difference,0.59,0.36,0.83,NR,NR,NÃO EXTRAÍVEL,NR,Controlled Class II study,NR,,Favors shunt,UNADJUSTED,GUIDELINE_EVIDENCE_SYNTHESIS,MESCLADOS 1,M1 pp.182–190; therapeutic evidence,NO,CONSENSUS_3_REVIEWERS,BENEFIT_HARM_DURABILITY,REVIEW_LEVEL_OR_SINGLE_STUDY_SUMMARY,SUPPORTING_CONCORDANCE_ONLY,NO,Select one anchor review per cell; do not treat overlapping review estimates as independent.,0.59,0.36,0.8300000000000001,,,DIFFERENCE,0.59,0.36,0.8300000000000001,0.0
FE-0116,FT-059,Shunting,Serious adverse event risk,Varied,Risk (%),11,NR,NR,NR,NR,NR,NR,Guideline evidence synthesis,NR,,HARM,NR,GUIDELINE_EVIDENCE_SYNTHESIS,MESCLADOS 1,M1 pp.182–190; conclusions,NO,CONSENSUS_3_REVIEWERS,BENEFIT_HARM_DURABILITY,REVIEW_LEVEL_OR_SINGLE_STUDY_SUMMARY,SUPPORTING_CONCORDANCE_ONLY,NO,Select one anchor review per cell; do not treat overlapping review estimates as independent.,11.0,,,,,OTHER,11.0,,,
FE-0117,FT-059,Elevated resistance to CSF outflow,Positive shunt response,Varied,OR,4.39,1.25,16.7,NR,NR,95,NR,Multivariable analysis in one Class II study,NR,Rout ≥18 mmHg/mL/min,Higher Rout predicts response,ADJUSTED,GUIDELINE_EVIDENCE_SYNTHESIS,MESCLADOS 1,M1 p.185; predictor section,NO,CONSENSUS_3_REVIEWERS,BENEFIT_HARM_DURABILITY,REVIEW_LEVEL_OR_SINGLE_STUDY_SUMMARY,SUPPORTING_CONCORDANCE_ONLY,NO,Select one anchor review per cell; do not treat overlapping review estimates as independent.,4.39,1.25,16.7,,95.0,RATIO,4.39,1.25,16.7,1.0
FE-0118,FT-002,Digit Span backward,Post-shunt mean change,Post-shunt; varied,MD,0.33,0.1,0.55,NR,10,NR,NR,As reported; complementary extraction,I²=64.3%,NR,Not clinically significant,NR,CODEX_COMPLEMENTARY_EXTRACTION,MESCLADOS 1.pdf,191-204,NO,CODEX_COMPLEMENT,COGNITIVE_CHANGE,POOLED_OR_REVIEW_LEVEL_ESTIMATE,ANCHOR_ESTIMATE_FOR_CELL,NO,Select one anchor review per cell; do not treat overlapping review estimates as independent.,0.3299999999999999,0.1,0.55,10.0,,DIFFERENCE,0.3299999999999999,0.1,0.55,0.0
FE-0119,FT-002,Frontal Assessment Battery,Post-shunt mean change,Post-shunt; varied,MD,1.56,1.04,2.08,NR,24,NR,NR,As reported; complementary extraction,I²=60.0%,NR,"Statistical, not clinically significant by review threshold",NR,CODEX_COMPLEMENTARY_EXTRACTION,MESCLADOS 1.pdf,191-204,NO,CODEX_COMPLEMENT,COGNITIVE_CHANGE,POOLED_OR_REVIEW_LEVEL_ESTIMATE,ANCHOR_ESTIMATE_FOR_CELL,NO,Select one anchor review per cell; do not treat overlapping review estimates as independent.,1.56,1.04,2.08,24.0,,DIFFERENCE,1.56,1.04,2.08,0.0
FE-0120,FT-002,Trail Making Test B,Post-shunt mean change,Post-shunt; varied,MD,-35.18,-59.91,-10.46,NR,13,NR,NR,As reported; complementary extraction,I²=47.9%,NR,Clinically significant; lower time is better,NR,CODEX_COMPLEMENTARY_EXTRACTION,MESCLADOS 1.pdf,191-204,NO,CODEX_COMPLEMENT,COGNITIVE_CHANGE,POOLED_OR_REVIEW_LEVEL_ESTIMATE,ANCHOR_ESTIMATE_FOR_CELL,NO,Select one anchor review per cell; do not treat overlapping review estimates as independent.,-35.18,-59.91,-10.46,13.0,,DIFFERENCE,-35.18,-59.91,-10.46,0.0
FE-0121,FT-002,Grooved Pegboard dominant,Post-shunt mean change,Post-shunt; varied,MD,-31.54,-43.47,-19.61,NR,5,NR,NR,As reported; complementary extraction,I²=10.7%,NR,Clinically significant; lower time is better,NR,CODEX_COMPLEMENTARY_EXTRACTION,MESCLADOS 1.pdf,191-204,NO,CODEX_COMPLEMENT,COGNITIVE_CHANGE,POOLED_OR_REVIEW_LEVEL_ESTIMATE,ANCHOR_ESTIMATE_FOR_CELL,NO,Select one anchor review per cell; do not treat overlapping review estimates as independent.,-31.54,-43.47,-19.610000000000003,5.0,,DIFFERENCE,-31.54,-43.47,-19.610000000000003,0.0
FE-0122,FT-002,Trail Making Test A,Post-shunt mean change,Post-shunt; varied,MD,-22.73,-31.35,-14.11,NR,21,NR,NR,As reported; complementary extraction,I²=16.6%,NR,Clinically significant; lower time is better,NR,CODEX_COMPLEMENTARY_EXTRACTION,MESCLADOS 1.pdf,191-204,NO,CODEX_COMPLEMENT,COGNITIVE_CHANGE,POOLED_OR_REVIEW_LEVEL_ESTIMATE,ANCHOR_ESTIMATE_FOR_CELL,NO,Select one anchor review per cell; do not treat overlapping review estimates as independent.,-22.73,-31.35,-14.11,21.0,,DIFFERENCE,-22.73,-31.35,-14.11,0.0
FE-0123,FT-002,RAVLT learning,Post-shunt mean change,Post-shunt; varied,MD,5.58,3.77,7.39,NR,12,NR,NR,As reported; complementary extraction,I²=41.3%,NR,"Statistical, below clinical threshold",NR,CODEX_COMPLEMENTARY_EXTRACTION,MESCLADOS 1.pdf,191-204,NO,CODEX_COMPLEMENT,COGNITIVE_CHANGE,POOLED_OR_REVIEW_LEVEL_ESTIMATE,ANCHOR_ESTIMATE_FOR_CELL,NO,Select one anchor review per cell; do not treat overlapping review estimates as independent.,5.58,3.77,7.39,12.0,,DIFFERENCE,5.58,3.77,7.39,0.0
FE-0124,FT-002,RAVLT delayed,Post-shunt mean change,Post-shunt; varied,MD,1.37,0.86,1.88,NR,11,NR,NR,As reported; complementary extraction,I²=42.9%,NR,"Statistical, below clinical threshold",NR,CODEX_COMPLEMENTARY_EXTRACTION,MESCLADOS 1.pdf,191-204,NO,CODEX_COMPLEMENT,COGNITIVE_CHANGE,POOLED_OR_REVIEW_LEVEL_ESTIMATE,ANCHOR_ESTIMATE_FOR_CELL,NO,Select one anchor review per cell; do not treat overlapping review estimates as independent.,1.37,0.8600000000000001,1.88,11.0,,DIFFERENCE,1.37,0.8600000000000001,1.88,0.0
FE-0125,FT-002,MoCA,Post-shunt mean change,Post-shunt; varied,MD,1.75,0.79,2.71,NR,7,NR,NR,As reported; complementary extraction,I²=22.4%,NR,"Statistical, below clinical threshold",NR,CODEX_COMPLEMENTARY_EXTRACTION,MESCLADOS 1.pdf,191-204,NO,CODEX_COMPLEMENT,COGNITIVE_CHANGE,POOLED_OR_REVIEW_LEVEL_ESTIMATE,ANCHOR_ESTIMATE_FOR_CELL,NO,Select one anchor review per cell; do not treat overlapping review estimates as independent.,1.75,0.7899999999999999,2.71,7.0,,DIFFERENCE,1.75,0.7899999999999999,2.71,0.0
FE-0126,FT-002,MMSE,Post-shunt mean change,Post-shunt; varied,MD,1.57,1.23,1.91,NR,71,NR,NR,As reported; complementary extraction,I²=61.0%,NR,"Statistical, below clinical threshold; Egger p=0.029",NR,CODEX_COMPLEMENTARY_EXTRACTION,MESCLADOS 1.pdf,191-204,NO,CODEX_COMPLEMENT,COGNITIVE_CHANGE,POOLED_OR_REVIEW_LEVEL_ESTIMATE,ANCHOR_ESTIMATE_FOR_CELL,NO,Select one anchor review per cell; do not treat overlapping review estimates as independent.,1.57,1.23,1.91,71.0,,DIFFERENCE,1.57,1.23,1.91,0.0
FE-0127,FT-011,Temporal gamma EEG pattern,Predictive accuracy,Varied,Sensitivity,0.83,,,NR,1,NR,NR,As reported; complementary extraction,NR,NR,Single study/pattern,NR,CODEX_COMPLEMENTARY_EXTRACTION,MESCLADOS 3.pdf,194-205,NO,CODEX_COMPLEMENT,OTHER,REVIEW_LEVEL_OR_SINGLE_STUDY_SUMMARY,SUPPORTING_CONCORDANCE_ONLY,NO,Select one anchor review per cell; do not treat overlapping review estimates as independent.,0.8300000000000001,,,1.0,,PROBABILITY,0.8300000000000001,,,
FE-0128,FT-011,Temporal gamma EEG pattern,Predictive accuracy,Varied,Specificity,0.88,,,NR,1,NR,NR,As reported; complementary extraction,NR,NR,Single study/pattern,NR,CODEX_COMPLEMENTARY_EXTRACTION,MESCLADOS 3.pdf,194-205,NO,CODEX_COMPLEMENT,OTHER,REVIEW_LEVEL_OR_SINGLE_STUDY_SUMMARY,SUPPORTING_CONCORDANCE_ONLY,NO,Select one anchor review per cell; do not treat overlapping review estimates as independent.,0.88,,,1.0,,PROBABILITY,0.88,,,
FE-0129,FT-019,Poor vs good gait score,Overall survival,Long-term post-shunt,HR,2.25,1.81,2.81,NR,2,NR,NR,As reported; complementary extraction,NR,NR,Higher hazard with poor gait,NR,CODEX_COMPLEMENTARY_EXTRACTION,MESCLADOS 3.pdf,181-193,NO,CODEX_COMPLEMENT,SURVIVAL,POOLED_OR_REVIEW_LEVEL_ESTIMATE,ANCHOR_ESTIMATE_FOR_CELL,NO,Select one anchor review per cell; do not treat overlapping review estimates as independent.,2.25,1.81,2.81,2.0,,RATIO,2.25,1.81,2.81,1.0
FE-0130,FT-019,Poor vs good continence score,Overall survival,Long-term post-shunt,HR,1.66,1.33,2.06,NR,2,NR,NR,As reported; complementary extraction,NR,NR,Higher hazard with poor continence,NR,CODEX_COMPLEMENTARY_EXTRACTION,MESCLADOS 3.pdf,181-193,NO,CODEX_COMPLEMENT,SURVIVAL,POOLED_OR_REVIEW_LEVEL_ESTIMATE,ANCHOR_ESTIMATE_FOR_CELL,NO,Select one anchor review per cell; do not treat overlapping review estimates as independent.,1.66,1.33,2.06,2.0,,RATIO,1.66,1.33,2.06,1.0
FE-0131,FT-019,mRS ≥3 vs 0–2,Overall survival,Long-term post-shunt,HR,2.21,1.74,2.8,NR,2,NR,NR,As reported; complementary extraction,NR,NR,Higher hazard with disability,NR,CODEX_COMPLEMENTARY_EXTRACTION,MESCLADOS 3.pdf,181-193,NO,CODEX_COMPLEMENT,SURVIVAL,POOLED_OR_REVIEW_LEVEL_ESTIMATE,ANCHOR_ESTIMATE_FOR_CELL,NO,Select one anchor review per cell; do not treat overlapping review estimates as independent.,2.21,1.74,2.8,2.0,,RATIO,2.21,1.74,2.8,1.0
FE-0132,FT-019,All shunted NPH,Median survival,Long-term post-shunt,Median,8.82,8.23,9.4,NR,5,NR,NR,As reported; complementary extraction,NR,NR,Reconstructed IPD,NR,CODEX_COMPLEMENTARY_EXTRACTION,MESCLADOS 3.pdf,181-193,NO,CODEX_COMPLEMENT,SURVIVAL,POOLED_OR_REVIEW_LEVEL_ESTIMATE,ANCHOR_ESTIMATE_FOR_CELL,NO,Select one anchor review per cell; do not treat overlapping review estimates as independent.,8.82,8.229999999999999,9.4,5.0,,OTHER,8.82,8.229999999999999,9.4,
FE-0133,FT-021,AI models reporting AUC,Shunt response,Varied,AUC range,0.8,0.8,0.94,NR,4,NR,NR,As reported; complementary extraction,NR,NR,Not pooled; mainly internal validation,NR,CODEX_COMPLEMENTARY_EXTRACTION,MESCLADOS 1.pdf,149-159,NO,CODEX_COMPLEMENT,AI_MODELS,REVIEW_SUMMARY_OR_MODEL_RANGE,EXPLORATORY_NO_POOL,NO,Select one anchor review per cell; do not treat overlapping review estimates as independent.,0.8,0.8,0.94,4.0,,PROBABILITY,0.8,0.8,0.94,
FE-0134,FT-024,Tap responders,Gait velocity after tap,After CSF tap test,Hedges g,0.2,,,NR,,NR,NR,As reported; complementary extraction,NR,NR,Responder subgroup; CI not reported in accessible main-text sentence,NR,CODEX_COMPLEMENTARY_EXTRACTION,MESCLADOS 2.pdf,192-202,NO,CODEX_COMPLEMENT,GAIT_CHANGE,POOLED_OR_REVIEW_LEVEL_ESTIMATE,ANCHOR_ESTIMATE_FOR_CELL,NO,Select one anchor review per cell; do not treat overlapping review estimates as independent.,0.2,,,,,DIFFERENCE,0.2,,,0.0
FE-0135,FT-027,All ML models,Accuracy,Varied,Mean accuracy,0.77,,,NR,53,NR,NR,As reported; complementary extraction,NR,NR,"Model-level, nonindependent",NR,CODEX_COMPLEMENTARY_EXTRACTION,MESCLADOS 2.pdf,161-173,NO,CODEX_COMPLEMENT,AI_MODELS,REVIEW_SUMMARY_OR_MODEL_RANGE,EXPLORATORY_NO_POOL,NO,Select one anchor review per cell; do not treat overlapping review estimates as independent.,0.77,,,53.0,,PROBABILITY,0.77,,,
FE-0136,FT-027,Diagnostic models,Accuracy,Varied,Mean accuracy,0.834,,,NR,,NR,NR,As reported; complementary extraction,NR,NR,As reported,NR,CODEX_COMPLEMENTARY_EXTRACTION,MESCLADOS 2.pdf,161-173,NO,CODEX_COMPLEMENT,AI_MODELS,REVIEW_SUMMARY_OR_MODEL_RANGE,EXPLORATORY_NO_POOL,NO,Select one anchor review per cell; do not treat overlapping review estimates as independent.,0.8340000000000001,,,,,PROBABILITY,0.8340000000000001,,,
FE-0137,FT-027,Interventional models,Accuracy,Varied,Mean accuracy,0.694,,,NR,,NR,NR,As reported; complementary extraction,NR,NR,As reported,NR,CODEX_COMPLEMENTARY_EXTRACTION,MESCLADOS 2.pdf,161-173,NO,CODEX_COMPLEMENT,AI_MODELS,REVIEW_SUMMARY_OR_MODEL_RANGE,EXPLORATORY_NO_POOL,NO,Select one anchor review per cell; do not treat overlapping review estimates as independent.,0.694,,,,,PROBABILITY,0.694,,,
FE-0138,FT-027,Diagnostic models,Discrimination,Varied,Mean AUC,0.882,,,NR,,NR,NR,As reported; complementary extraction,NR,NR,As reported,NR,CODEX_COMPLEMENTARY_EXTRACTION,MESCLADOS 2.pdf,161-173,NO,CODEX_COMPLEMENT,AI_MODELS,REVIEW_SUMMARY_OR_MODEL_RANGE,EXPLORATORY_NO_POOL,NO,Select one anchor review per cell; do not treat overlapping review estimates as independent.,0.882,,,,,PROBABILITY,0.882,,,
FE-0139,FT-027,Interventional models,Discrimination,Varied,Mean AUC,0.729,,,NR,,NR,NR,As reported; complementary extraction,NR,NR,As reported,NR,CODEX_COMPLEMENTARY_EXTRACTION,MESCLADOS 2.pdf,161-173,NO,CODEX_COMPLEMENT,AI_MODELS,REVIEW_SUMMARY_OR_MODEL_RANGE,EXPLORATORY_NO_POOL,NO,Select one anchor review per cell; do not treat overlapping review estimates as independent.,0.729,,,,,PROBABILITY,0.729,,,
FE-0140,FT-032,DESH,Sensitivity,Varied,Sensitivity,0.59,0.38,0.77,NR,10,NR,NR,As reported; complementary extraction,NR,NR,As reported,NR,CODEX_COMPLEMENTARY_EXTRACTION,MESCLADOS 2.pdf,184-191,NO,CODEX_COMPLEMENT,STRUCTURAL_IMAGING,POOLED_OR_REVIEW_LEVEL_ESTIMATE,ANCHOR_ESTIMATE_FOR_CELL,NO,Select one anchor review per cell; do not treat overlapping review estimates as independent.,0.59,0.38,0.77,10.0,,PROBABILITY,0.59,0.38,0.77,
FE-0141,FT-032,DESH,Specificity,Varied,Specificity,0.66,0.57,0.74,NR,10,NR,NR,As reported; complementary extraction,NR,NR,As reported,NR,CODEX_COMPLEMENTARY_EXTRACTION,MESCLADOS 2.pdf,184-191,NO,CODEX_COMPLEMENT,STRUCTURAL_IMAGING,POOLED_OR_REVIEW_LEVEL_ESTIMATE,ANCHOR_ESTIMATE_FOR_CELL,NO,Select one anchor review per cell; do not treat overlapping review estimates as independent.,0.6599999999999999,0.5700000000000001,0.74,10.0,,PROBABILITY,0.6599999999999999,0.5700000000000001,0.74,
FE-0142,FT-032,DESH,Discrimination,Varied,AUC,0.67,0.63,0.71,NR,10,NR,NR,As reported; complementary extraction,NR,NR,As reported,NR,CODEX_COMPLEMENTARY_EXTRACTION,MESCLADOS 2.pdf,184-191,NO,CODEX_COMPLEMENT,STRUCTURAL_IMAGING,POOLED_OR_REVIEW_LEVEL_ESTIMATE,ANCHOR_ESTIMATE_FOR_CELL,NO,Select one anchor review per cell; do not treat overlapping review estimates as independent.,0.6699999999999999,0.63,0.71,10.0,,PROBABILITY,0.6699999999999999,0.63,0.71,
FE-0143,FT-032,DESH,Prevalence in iNPH,Varied,Proportion,0.44,0.34,0.54,NR,10,NR,NR,As reported; complementary extraction,NR,NR,As reported,NR,CODEX_COMPLEMENTARY_EXTRACTION,MESCLADOS 2.pdf,184-191,NO,CODEX_COMPLEMENT,STRUCTURAL_IMAGING,POOLED_OR_REVIEW_LEVEL_ESTIMATE,ANCHOR_ESTIMATE_FOR_CELL,NO,Select one anchor review per cell; do not treat overlapping review estimates as independent.,0.44,0.3399999999999999,0.54,10.0,,PROBABILITY,0.44,0.3399999999999999,0.54,
FE-0144,FT-041,MMSE,Post-shunt mean change,Post-shunt; varied,MD,2.2,1.45,2.95,NR,19,NR,NR,As reported; complementary extraction,I²=81.9%,NR,As reported,NR,CODEX_COMPLEMENTARY_EXTRACTION,MESCLADOS 2.pdf,203-211,NO,CODEX_COMPLEMENT,COGNITIVE_CHANGE,REVIEW_LEVEL_OR_SINGLE_STUDY_SUMMARY,SUPPORTING_CONCORDANCE_ONLY,NO,Select one anchor review per cell; do not treat overlapping review estimates as independent.,2.2,1.45,2.95,19.0,,DIFFERENCE,2.2,1.45,2.95,0.0
FE-0145,FT-041,RAVLT total,Post-shunt mean change,Post-shunt; varied,MD,5.64,3.86,7.43,NR,7,NR,NR,As reported; complementary extraction,I²=57.2%,NR,As reported,NR,CODEX_COMPLEMENTARY_EXTRACTION,MESCLADOS 2.pdf,203-211,NO,CODEX_COMPLEMENT,COGNITIVE_CHANGE,REVIEW_LEVEL_OR_SINGLE_STUDY_SUMMARY,SUPPORTING_CONCORDANCE_ONLY,NO,Select one anchor review per cell; do not treat overlapping review estimates as independent.,5.64,3.86,7.430000000000001,7.0,,DIFFERENCE,5.64,3.86,7.430000000000001,0.0
FE-0146,FT-041,RAVLT delayed,Post-shunt mean change,Post-shunt; varied,MD,1.43,0.55,2.31,NR,7,NR,NR,As reported; complementary extraction,I²=89.3%,NR,As reported,NR,CODEX_COMPLEMENTARY_EXTRACTION,MESCLADOS 2.pdf,203-211,NO,CODEX_COMPLEMENT,COGNITIVE_CHANGE,REVIEW_LEVEL_OR_SINGLE_STUDY_SUMMARY,SUPPORTING_CONCORDANCE_ONLY,NO,Select one anchor review per cell; do not treat overlapping review estimates as independent.,1.43,0.55,2.31,7.0,,DIFFERENCE,1.43,0.55,2.31,0.0
FE-0147,FT-041,Backward digit span,Post-shunt mean change,Post-shunt; varied,MD,0.36,0.04,0.67,NR,6,NR,NR,As reported; complementary extraction,I²=87.0%,NR,Weak robustness,NR,CODEX_COMPLEMENTARY_EXTRACTION,MESCLADOS 2.pdf,203-211,NO,CODEX_COMPLEMENT,COGNITIVE_CHANGE,REVIEW_LEVEL_OR_SINGLE_STUDY_SUMMARY,SUPPORTING_CONCORDANCE_ONLY,NO,Select one anchor review per cell; do not treat overlapping review estimates as independent.,0.36,0.04,0.6699999999999999,6.0,,DIFFERENCE,0.36,0.04,0.6699999999999999,0.0
FE-0148,FT-041,Phonemic fluency,Post-shunt mean change,Post-shunt; varied,MD,2.73,0.84,4.63,NR,8,NR,NR,As reported; complementary extraction,I²=33.6%,NR,As reported,NR,CODEX_COMPLEMENTARY_EXTRACTION,MESCLADOS 2.pdf,203-211,NO,CODEX_COMPLEMENT,COGNITIVE_CHANGE,REVIEW_LEVEL_OR_SINGLE_STUDY_SUMMARY,SUPPORTING_CONCORDANCE_ONLY,NO,Select one anchor review per cell; do not treat overlapping review estimates as independent.,2.73,0.8400000000000001,4.63,8.0,,DIFFERENCE,2.73,0.8400000000000001,4.63,0.0
FE-0149,FT-041,TMT-B,Post-shunt mean change,Post-shunt; varied,MD,-43.46,-83.23,-3.7,NR,9,NR,NR,As reported; complementary extraction,I²=77.7%,NR,Weak robustness; lower is better,NR,CODEX_COMPLEMENTARY_EXTRACTION,MESCLADOS 2.pdf,203-211,NO,CODEX_COMPLEMENT,COGNITIVE_CHANGE,REVIEW_LEVEL_OR_SINGLE_STUDY_SUMMARY,SUPPORTING_CONCORDANCE_ONLY,NO,Select one anchor review per cell; do not treat overlapping review estimates as independent.,-43.46,-83.23,-3.7,9.0,,DIFFERENCE,-43.46,-83.23,-3.7,0.0
FE-0150,FT-041,TMT-A,Post-shunt mean change,Post-shunt; varied,MD,-25.9,-36.11,-15.69,NR,13,NR,NR,As reported; complementary extraction,I²=36.1%,NR,Lower is better,NR,CODEX_COMPLEMENTARY_EXTRACTION,MESCLADOS 2.pdf,203-211,NO,CODEX_COMPLEMENT,COGNITIVE_CHANGE,REVIEW_LEVEL_OR_SINGLE_STUDY_SUMMARY,SUPPORTING_CONCORDANCE_ONLY,NO,Select one anchor review per cell; do not treat overlapping review estimates as independent.,-25.9,-36.11,-15.69,13.0,,DIFFERENCE,-25.9,-36.11,-15.69,0.0
FE-0151,FT-050,Tap test 40–50 mL,Sensitivity range,Varied,Range,0.26,0.26,0.61,NR,,NR,NR,As reported; complementary extraction,NR,NR,Guideline evidence range,NR,CODEX_COMPLEMENTARY_EXTRACTION,MESCLADOS 2.pdf,88-99,NO,CODEX_COMPLEMENT,TEMPORARY_CSF_TESTS,REVIEW_LEVEL_OR_SINGLE_STUDY_SUMMARY,SUPPORTING_CONCORDANCE_ONLY,NO,Select one anchor review per cell; do not treat overlapping review estimates as independent.,0.26,0.26,0.61,,,OTHER,0.26,0.26,0.61,
FE-0152,FT-050,Infusion/Rout,Sensitivity range,Varied,Range,0.57,0.57,1,NR,,NR,NR,As reported; complementary extraction,NR,NR,PPV 0.75–0.92,NR,CODEX_COMPLEMENTARY_EXTRACTION,MESCLADOS 2.pdf,88-99,NO,CODEX_COMPLEMENT,TEMPORARY_CSF_TESTS,REVIEW_LEVEL_OR_SINGLE_STUDY_SUMMARY,SUPPORTING_CONCORDANCE_ONLY,NO,Select one anchor review per cell; do not treat overlapping review estimates as independent.,0.5700000000000001,0.5700000000000001,1.0,,,OTHER,0.5700000000000001,0.5700000000000001,1.0,
FE-0153,FT-050,Extended lumbar drainage,Sensitivity range,Varied,Range,0.5,0.5,1,NR,,NR,NR,As reported; complementary extraction,NR,NR,PPV 0.80–1.00,NR,CODEX_COMPLEMENTARY_EXTRACTION,MESCLADOS 2.pdf,88-99,NO,CODEX_COMPLEMENT,TEMPORARY_CSF_TESTS,REVIEW_LEVEL_OR_SINGLE_STUDY_SUMMARY,SUPPORTING_CONCORDANCE_ONLY,NO,Select one anchor review per cell; do not treat overlapping review estimates as independent.,0.5,0.5,1.0,,,OTHER,0.5,0.5,1.0,
FE-0154,FT-059,Shunting,Subjective improvement at 6 months,6 months,Probability,0.96,,,NR,3,NR,NR,As reported; complementary extraction,NR,NR,Class III evidence,NR,CODEX_COMPLEMENTARY_EXTRACTION,MESCLADOS 1.pdf,182-190,NO,CODEX_COMPLEMENT,BENEFIT_HARM_DURABILITY,REVIEW_LEVEL_OR_SINGLE_STUDY_SUMMARY,SUPPORTING_CONCORDANCE_ONLY,NO,Select one anchor review per cell; do not treat overlapping review estimates as independent.,0.96,,,3.0,,PROBABILITY,0.96,,,
FE-0155,FT-059,Shunting,Timed-walk improvement at 6 months,6 months,Probability,0.83,,,NR,3,NR,NR,As reported; complementary extraction,NR,NR,Class III evidence,NR,CODEX_COMPLEMENTARY_EXTRACTION,MESCLADOS 1.pdf,182-190,NO,CODEX_COMPLEMENT,BENEFIT_HARM_DURABILITY,REVIEW_LEVEL_OR_SINGLE_STUDY_SUMMARY,SUPPORTING_CONCORDANCE_ONLY,NO,Select one anchor review per cell; do not treat overlapping review estimates as independent.,0.8300000000000001,,,3.0,,PROBABILITY,0.8300000000000001,,,
