master_id,record_id,title,year,authors,journal,doi,pmid,final_layer,primary_domain,secondary_domain,primary_study_list_status,clinical_summary,critical_warnings,causal_scope,adjudication_status,citation,country_or_region,objective,review_type,protocol_registration,databases,search_end_date,language_limits,grey_literature,eligibility_summary,n_included_reports,n_unique_primary_studies,n_cohorts_if_reported,total_participants,inph_participants,shunted_participants,study_designs,shunt_types,predictor_modalities,comparator_or_reference_standard,outcome_domains,follow_up,synthesis_method,meta_analysis,primary_study_rob_tool,certainty_method,funding,conflicts,pdf,pages
FT-001,INPH-U0324,"Cerebral blood flow, autoregulation and vascular reactivity in normal pressure hydrocephalus: a systematic review.",2026,"Lalou, Afroditi Despoina Czosnyka, Zofia Helena Czosnyka, Marek Pickard, John Douglas",Fluids and Barriers of the CNS (2026) 23:1 Article Number: 10. Date of Publication: 1 Dec 2026,10.1186/s12987-025-00720-2,41402911.0,A-PARCIAL,Functional/hemodynamic imaging,Cerebral perfusion and vascular reactivity,INCOMPLETE_OR_PLACEHOLDER,Do not exclude shunt candidacy on low baseline CBF alone. CVR is hypothesis-generating and should be tested in multimodal prospective models.,Small samples; mixed NPH definitions; mixed temporary-drainage and post-shunt outcomes; no pooled accuracy.,Prognostic/predictive association among selected patients; not a treatment-effect modifier.,ADJUDICATED_FINAL,"Lalou et al. (2026). Cerebral blood flow, autoregulation and vascular reactivity in normal pressure hydrocephalus: a systematic review. Fluids and Barriers of the CNS (2026) 23:1 Article Number: 10. Date of Publication: 1 Dec 2026. DOI: 10.1186/s12987-025-00720-2.",UK/Sweden/Poland,"Assess CBF, autoregulation and cerebrovascular reactivity in adult NPH, including prediction of response to CSF drainage/shunting.",Systematic review update,CRD42018090946,"Ovid MEDLINE, Embase, Scopus, Cochrane CENTRAL; reference checking",2024,NR,Reference checking,Adult NPH studies from 2000-2024 assessing CBF/autoregulation/CVR; only shunt/drainage-outcome components eligible here.,NÃO EXTRAÍVEL,NÃO EXTRAÍVEL,NÃO EXTRAÍVEL,NÃO EXTRAÍVEL,NÃO EXTRAÍVEL,NÃO EXTRAÍVEL,Mostly observational imaging/hemodynamic cohorts,"VP shunt/CSF diversion, varied","CBF, SPECT/PET/MRI perfusion, TCD, acetazolamide CVR, autoregulation",Clinical response after temporary drainage or shunt,"Global, gait, cognition",Varied; often short/intermediate,Structured narrative synthesis; meta-analysis not feasible due heterogeneity,NO,Study-design-specific risk-of-bias assessment reported,NR,NR,NR,MESCLADOS 2,48-77
FT-002,INPH-U0327,Cognitive assessment methods and outcomes following shunt surgery in idiopathic normal pressure hydrocephalus (iNPH): a systematic review and meta-analysis.,2026,Healy L.M.; Varma P.; Joannides A.J.; Healy L.M.; Pickard J.D.; Joannides A.J.; Healy L.M.; Tooze J.; Quist D.; Fernandez-Mendez R.; Pickard J.D.; Smielewski P.; Joannides A.J.; Carswell C.; Fernandez-Mendez R.,"Fluids and Barriers of the CNS 23, article 70 (2026). Published 11 May 2026.",10.1186/s12987-026-00808-3,42116063.0,B,Cognition and neuropsychological outcomes,Outcome measurement,INCOMPLETE_OR_PLACEHOLDER,Use domain-sensitive instruments and prespecify clinical thresholds. Do not equate a small MMSE gain with meaningful cognitive benefit.,Internal count discrepancy (155 abstract vs 195 body); repeated test effects; practice effects; overlapping cohorts; outcome-measure heterogeneity.,"Outcome measurement, not prediction.",ADJUDICATED_FINAL,"Healy, L.M., Tooze, J., Quist, D. et al. (2026). Cognitive assessment methods and outcomes following shunt surgery in idiopathic normal pressure hydrocephalus (iNPH): a systematic review and meta-analysis. Fluids and Barriers of the CNS 23, 70. Published 11 May 2026. https://doi.org/10.1186/s12987-026-00808-3.",UK,Synthesize cognitive assessment methods and cognitive outcomes after shunt surgery in iNPH.,Systematic review and meta-analysis,CRD42021296112,"PubMed, Scopus, PsycINFO, Web of Science",NR,English; peer-reviewed,NR,"Adults with suspected iNPH, shunted, with within-subject pre/post cognitive assessment.",195,195,NÃO EXTRAÍVEL,11445,11445,11445,Predominantly observational pre-post cohorts,"Permanent CSF shunts, varied",Cognitive instruments and response definitions,Post-shunt within-subject cognitive change,Cognition; outcome measurement,Varied,Random-effects meta-analysis of ten cognitive outcomes plus narrative mapping,YES,Study quality assessed; tool details in article/supplement,Clinically meaningful change benchmarked to normative SD/z-score thresholds,NR,NR,MESCLADOS 1,191-204
FT-003,INPH-U0328,Clinical response after cerebrospinal fluid shunting in complex versus pure idiopathic normal pressure hydrocephalus: A systematic review and meta-analysis.,2026,"Maciel, Caio Arruda da Silva, Kaua Gabriel Oliveira de Paula, Vinicius Galbim Santana, Victor Alves de Menezes, Maria Clara Junqueira Teles Pinto, Fernando Campos Gomes",Clinical Neurology and Neurosurgery (2026) 269 Article Number: 109557. Date of Publication: 1 Oct 2026,10.1016/j.clineuro.2026.109557,42385569.0,A,Clinical phenotype and comorbidity,Biomarkers and neurodegenerative copathology,COMPLETE_FOR_CCA,"Comorbidity should modify counseling and expected domains, not serve as an automatic contraindication to shunting.",Few direct comparisons; phenotype misclassification; heterogeneous overlap constructs; high imprecision; author involvement requires independent appraisal in this umbrella review.,Prognostic phenotype among shunted patients; not causal effect modification.,ADJUDICATED_FINAL,Maciel et al. (2026). Clinical response after cerebrospinal fluid shunting in complex versus pure idiopathic normal pressure hydrocephalus: A systematic review and meta-analysis. Clinical Neurology and Neurosurgery (2026) 269 Article Number: 109557. Date of Publication: 1 Oct 2026. DOI: 10.1016/j.clineuro.2026.109557.,Brazil,Compare post-shunt outcomes in complex versus pure iNPH phenotypes.,Systematic review and meta-analysis,NR,"MEDLINE/PubMed, Embase, Web of Science, Scopus, Cochrane Library",January 2026,NR,NR,Adults with iNPH with separable pure or neurodegenerative/vascular complex phenotypes and postoperative outcomes.,22,19,19,NÃO EXTRAÍVEL,NÃO EXTRAÍVEL,NÃO EXTRAÍVEL,Comparative cohorts and single-arm postoperative series,"CSF shunts, varied","Comorbidity phenotype, AD biomarkers/pathology, parkinsonism, vascular/neurodegenerative overlap",Pure iNPH phenotype; postoperative change,"Global response, gait, cognition, urinary, general function","3-36 months, some NR",Hartung-Knapp random-effects binary meta-analysis; SMCR; multilevel time meta-regression,YES,JBI critical appraisal by design,GRADE for principal comparative analyses,NR,NR,MESCLADOS 2,78-87
FT-004,INPH-U0331,Decoding the CSF Proteomic Signature of Idiopathic Normal Pressure Hydrocephalus: A Systematic Review.,2026,"Kwiecien, Aleksandra Dudzic, Malgorzata Lemanski, Andrzej Kalka, Justin M. Druzdz, Artur Hojan, Katarzyna Palandri, Giorgio Sokol, Bartosz",Molecules (2026) 31:13 Article Number: 2319. Date of Publication: 1 Jul 2026,10.3390/molecules31132319,42451686.0,A-PARCIAL,Biomarkers and pathology,CSF proteomics,INCOMPLETE_OR_PLACEHOLDER,"Biomarkers may refine prognosis and identify competing pathology, but should not yet determine eligibility alone.",Predominantly exploratory studies; multiple testing; assay heterogeneity; weak EPHPP ratings; diagnostic and prognostic aims mixed.,Prognostic association.,ADJUDICATED_FINAL,Kwiecien et al. (2026). Decoding the CSF Proteomic Signature of Idiopathic Normal Pressure Hydrocephalus: A Systematic Review. Molecules (2026) 31:13 Article Number: 2319. Date of Publication: 1 Jul 2026. DOI: 10.3390/molecules31132319.,Poland/Italy,"Synthesize CSF proteomic biomarkers with diagnostic and prognostic relevance, including shunt responsiveness.",Systematic review,CRD420261283971,"PubMed, Web of Science, Google Scholar",2026,NR,Google Scholar included,iNPH proteomic studies; only nine reports correlating preoperative proteins with VPS response eligible to prognostic layer.,14,14,NÃO EXTRAÍVEL,1171,1171,764,Exploratory observational biomarker cohorts,VPS,"CSF proteomics; Aβ, tau, NfL, AQP4, ECM/inflammatory proteins and panels",Responder versus non-responder after VPS,"Global, gait, cognition",Varied,Structured qualitative synthesis,NO,EPHPP,NR,NR,NR,MESCLADOS 2,23-47
FT-005,INPH-U0337,Neuropsychological Profile of Normal Pressure Hydrocephalus: A Systematic Review of Cognitive Trajectories and Evidence-Based Assessment Tools for Surgical Management.,2026,"Scalia, Gianluca Pitoia, Rosalba Passarello, Lisa Finocchiaro, Roberta Razza, Grazia Nicoletti, Giovanni Graziano, Francesca",World Neurosurgery (2026) 208 Article Number: 124868. Date of Publication: 1 Apr 2026,10.1016/j.wneu.2026.124868,41698503.0,B,Cognition and neuropsychological outcomes,Outcome measurement,INCOMPLETE_OR_PLACEHOLDER,A perioperative battery should capture processing speed and executive function; a single global screen is insufficient.,Small number of heterogeneous studies; transformed nonparametric data; iNPH/sNPH mixture; no control for practice effects.,Outcome measurement.,ADJUDICATED_FINAL,Scalia et al. (2026). Neuropsychological Profile of Normal Pressure Hydrocephalus: A Systematic Review of Cognitive Trajectories and Evidence-Based Assessment Tools for Surgical Management. World Neurosurgery (2026) 208 Article Number: 124868. Date of Publication: 1 Apr 2026. DOI: 10.1016/j.wneu.2026.124868.,Italy,Review cognitive trajectories and evidence-based neuropsychological tools for surgical management of NPH.,Systematic review with pooled descriptive analysis,NR,"PubMed/MEDLINE, Web of Science",NR,NR,NR,Adult NPH studies with standardized neuropsychological assessment before and after surgery.,10,10,NÃO EXTRAÍVEL,NÃO EXTRAÍVEL,NÃO EXTRAÍVEL,NÃO EXTRAÍVEL,Observational pre-post cohorts,"Shunt surgery, varied","MMSE, TMT-A/B, FAB, verbal fluency, memory, psychomotor tests",Within-subject postoperative cognitive change,Cognition; outcome measurement,"Baseline, 3, 6, 12, 24 months",Weighted means/pooled SDs after transformation of medians/IQRs; no inferential random-effects meta-analysis stated,PARTIAL/DESCRIPTIVE,NR,NR,NR,NR,MESCLADOS 2,236-247
FT-007,INPH-U0353,Neuropsychiatric Features in Patients With Idiopathic Normal Pressure Hydrocephalus: A Systematic Review and Meta-Analysis.,2026,Belessiotis-Richards C.; Stewart R.; Belessiotis-Richards C.; Brady E.; Livingston G.; Brady E.; Abrol E.; Livingston G.; Chance V.; Joyce E.; Toma A.,Neurol Clin Pract. 2026 Apr;16(2):e200586. doi: 10.1212/CPJ.0000000000200586.,10.1212/cpj.0000000000200586,41657358.0,B,Cognition and neuropsychological outcomes,Neuropsychiatric outcomes,INCOMPLETE_OR_PLACEHOLDER,"Neuropsychiatric symptoms are patient-relevant outcomes and should be measured, but present evidence is insufficient to predict surgical benefit.",Most evidence observational; heterogeneous assessment; limited baseline data; treatment may include more than definitive shunting.,Outcome/prevalence; not a treatment-effect modifier.,ADJUDICATED_FINAL,Belessiotis-Richards C.; Stewart R.; Belessiotis-Richards C.; Brady E.; Livingston G.; Brady E.; Abrol E.; Livingston G.; Chance V.; Joyce E.; Toma A. et al. (2026). Neuropsychiatric Features in Patients With Idiopathic Normal Pressure Hydrocephalus: A Systematic Review and Meta-Analysis. Neurol Clin Pract. 2026 Apr;16(2):e200586. doi: 10.1212/CPJ.0000000000200586.. DOI: 10.1212/cpj.0000000000200586.,UK,"Estimate prevalence, severity and treatment responsiveness of neuropsychiatric features in iNPH.",Systematic review and meta-analysis,CRD42021287293,"PubMed, CINAHL, Embase, Ovid MEDLINE, Cochrane, PsycINFO",23 October 2024,NR,NR,Adults with definite/probable/possible iNPH and validated/clinician-defined neuropsychiatric features.,22,22,NÃO EXTRAÍVEL,NÃO EXTRAÍVEL,NÃO EXTRAÍVEL,NÃO EXTRAÍVEL,Observational studies and one RCT,"CSF diversion, including shunt",Neuropsychiatric instruments/diagnoses,Pre/post treatment neuropsychiatric scores,Neuropsychiatric symptoms,Varied,Random-effects proportions/SMD; meta-regression/subgroup/sensitivity analyses,YES,Study quality assessment reported (adapted tools),NR,NR,NR,MESCLADOS 1,37-47
FT-008,INPH-U0354,Beyond Hakim's triad: a systematic review of atypical clinical manifestations in idiopathic normal pressure hydrocephalus.,2026,"Demichele, Giuseppe Taddei, Graziano Iaboni, Edvige Gagliano, Mariasole De Vito, Alfredo Pompucci, Angelo Petrella, Gianpaolo",Acta Neurol Belg. 2026 Apr 6. doi: 10.1007/s13760-026-03057-1. Online ahead of,10.1007/s13760-026-03057-1,41936711.0,B,Clinical phenotype and comorbidity,Atypical manifestations and outcome measurement,INCOMPLETE_OR_PLACEHOLDER,"The triad should not be the only patient-centered outcome framework, but atypical symptoms cannot yet be used as reliable selection markers.",PubMed-only search; 61/114 sought full texts reportedly unavailable; case-report dominance; publication bias; nonstandard response.,Outcome description.,ADJUDICATED_FINAL,Demichele et al. (2026). Beyond Hakim's triad: a systematic review of atypical clinical manifestations in idiopathic normal pressure hydrocephalus. Acta Neurol Belg. 2026 Apr 6. doi: 10.1007/s13760-026-03057-1. Online ahead of. DOI: 10.1007/s13760-026-03057-1.,Italy,Describe atypical iNPH manifestations and symptom-specific response to CSF diversion.,Systematic review,NR,PubMed,2024,NR,NR,iNPH reports with symptoms beyond the Hakim triad and reported treatment response.,27,27,NÃO EXTRAÍVEL,NÃO EXTRAÍVEL,NÃO EXTRAÍVEL,NÃO EXTRAÍVEL,"Mixed observational reports, including small series",CSF diversion/shunt,"Atypical neuropsychiatric, neurologic, autonomic and systemic symptoms",Symptom resolution/improvement after CSF diversion,Atypical/neuropsychiatric symptoms,Varied,Structured narrative and descriptive percentages,NO,NR,NR,NR,NR,MESCLADOS 1,129-142
FT-010,INPH-U0374,The diagnostic value of the lumbar infusion test to predict symptomatic improvement after shunting for normal pressure hydrocephalus. A meta-analysis.,2025,"van Bilsen MWT(1)(2), Volovici V(3)(4), Arts S(5), van den Abbeele L(6), Boogaarts HD(6), Bartels RHMA(6), van Lindert EJ(6).",Acta Neurochirurgica (2025) 167:1 Article Number: 180. Date of Publication: 1 Dec 2025,10.1007/s00701-025-06591-8,40586823.0,A-PARCIAL,Temporary CSF drainage and CSF dynamics,Lumbar infusion test and Rout thresholds,INCOMPLETE_OR_PLACEHOLDER,"A positive/high Rout may support candidacy, but a low Rout should not be an exclusion criterion.",Verification/selection bias; heterogeneous thresholds and outcomes; serious risk of bias; mixed NPH.,Diagnostic prediction of post-shunt response.,ADJUDICATED_FINAL,van Bilsen MWT(1)(2) et al. (2025). The diagnostic value of the lumbar infusion test to predict symptomatic improvement after shunting for normal pressure hydrocephalus. A meta-analysis. Acta Neurochirurgica (2025) 167:1 Article Number: 180. Date of Publication: 1 Dec 2025. DOI: 10.1007/s00701-025-06591-8.,Netherlands,Determine diagnostic value of lumbar infusion testing for predicting symptomatic improvement after shunting in NPH.,Systematic review and Bayesian diagnostic meta-analysis,CRD42020210345,Ovid MEDLINE; reference backtracking,NR,English,Reference lists,Adults with suspected NPH undergoing LIT and shunt with extractable diagnostic-accuracy data.,5,5,NÃO EXTRAÍVEL,NÃO EXTRAÍVEL,NÃO EXTRAÍVEL,NÃO EXTRAÍVEL,Observational diagnostic-accuracy cohorts,"Permanent shunt, varied",Lumbar infusion test; Rout thresholds 12/14/18 mmHg/ml/min,Post-shunt symptomatic improvement,Global response,Varied,Bayesian pooling of sensitivity/specificity and predictive values,YES,QUADAS-2,NR,NR,NR,MESCLADOS 3,172-180
FT-011,INPH-U0376,Non-invasive versus invasive techniques for predicting idiopathic normal-pressure hydrocephalus in shunt-responsive patients.,2025,"Wouters, Kim St. Brice, Khalil Olvera-Castro, Jose Fernando Ayoub, Dibe Balardini Salian, Neil Manjunath von Quednow, Enzo Abbas, Muhammad Sharjeel da Silveira Maia, Matheus Secco, Guilherme Linha de Moraes Mangas, Gabriel de Amorim, Samuel Oliveira Bozkurt, Ismail Chaurasia, Bipin Pinto, Fernando Campo Gomes",Neurosurgical Review (2025) 48:1 Article Number: 741. Date of Publication: 1 Dec 2025,10.1007/s10143-025-03895-2,41145826.0,A,Temporary CSF drainage and CSF dynamics,Invasive versus non-invasive testing,INCOMPLETE_OR_PLACEHOLDER,"Potential adjuncts for a multimodal pathway, not stand-alone gatekeepers.",Mixed reference standards; small retrospective cohorts; selective reporting; no external validation.,Diagnostic prediction.,ADJUDICATED_FINAL,Wouters et al. (2025). Non-invasive versus invasive techniques for predicting idiopathic normal-pressure hydrocephalus in shunt-responsive patients. Neurosurgical Review (2025) 48:1 Article Number: 741. Date of Publication: 1 Dec 2025. DOI: 10.1007/s10143-025-03895-2.,South Korea,Compare invasive and non-invasive techniques for distinguishing shunt-responsive iNPH.,Systematic review,CRD42024519409,"PubMed, Embase, Cochrane Library",March 2023,NR,NR,"Age >60, iNPH, invasive/non-invasive preoperative tests and shunt-responsiveness outcomes.",10,10,NÃO EXTRAÍVEL,401,401,NÃO EXTRAÍVEL,Observational cohorts,"Shunt, varied","LP/tap, infusion, EEG, TCD, intracranial compliance, OCT and related methods",Shunt-responsive versus non-responsive,Global; gait/cognition where reported,Varied,Structured narrative synthesis,NO,NR,NR,NR,NR,MESCLADOS 3,194-205
FT-012,INPH-U0379,Accuracy of CSF Tap Test and Lumbar Infusion Test in Predicting Shunt Response in Idiopathic Normal Pressure Hydrocephalus: A Systematic Review and Meta-Analysis,2026,Aliyar A.; Dash D.; Fasano A.; Prasad M.; Dhikav V.; Wagle Shukla A.; Upadhyay A.D.; Desai S.; Poudel S.; Pal P.K.; Elavarasi A.,Frontiers in Neurology. 2026;17:1908328,10.3389/fneur.2026.1908328,,A,Temporary CSF drainage and CSF dynamics,Tap test and lumbar infusion diagnostic accuracy,COMPLETE_PREPRINT_LIST_ACCEPTED_ABSTRACT_UPDATE,Neither test should be interpreted in isolation. Negative tests must not automatically deny shunting.,High ROBIS risk; threshold and protocol heterogeneity. Quantitative results and bibliographic status were updated from the accepted peer-reviewed Frontiers abstract; the final formatted full text was pending. The structural primary-study list retains 14 identifiable preprint studies although the accepted abstract reports 15 overall.,Diagnostic prediction.,ADJUDICATED_FINAL,Aliyar A.; Dash D.; Fasano A.; Prasad M.; Dhikav V.; Wagle Shukla A.; Upadhyay A.D.; Desai S.; Poudel S.; Pal P.K.; Elavarasi A. Accuracy of CSF Tap Test and Lumbar Infusion Test in Predicting Shunt Response in Idiopathic Normal Pressure Hydrocephalus: A Systematic Review and Meta-Analysis. Frontiers in Neurology. 2026;17:1908328. doi:10.3389/fneur.2026.1908328. Accepted 31 July 2026 after peer review; final formatted full text pending on 1 September 2026.,India/international,Assess accuracy of CSF tap test and lumbar infusion test for predicting shunt response in iNPH/NPH.,Systematic review and diagnostic meta-analysis,CRD42023454502,"Ovid MEDLINE, Embase, Cochrane CENTRAL, PubMed, Scopus; reference lists",22 October 2025,English,Reference lists,"Possible/probable NPH receiving CSF-TT or LIT followed by VP/LP shunt irrespective of index-test result, with objective postoperative outcomes.",15,15,NÃO EXTRAÍVEL,721 CSF-TT; 393 LIT overall,721 CSF-TT; 393 LIT overall,Primary meta-analysis: 700 CSF-TT; 368 LIT,Prospective/retrospective cohorts,VP or LP shunt,CSF tap test and lumbar infusion test,Shunt surgery as reference standard,"Global/gait/cognition/urinary, heterogeneous",Varied,Bivariate random-effects diagnostic meta-analysis; post hoc threshold sensitivity analysis,YES,QUADAS-2,GRADE,NR,NR,COMPLETE_PREPRINT + OFFICIAL_ACCEPTED_ABSTRACT,Preprint 1–22; official accepted abstract online
FT-013,INPH-U0391,Time Course of Symptoms in Normal-Pressure Hydrocephalus: A Systematic Review.,2025,"Rovčanin B(1)(2), Omerhodžić I(1)(2), Nuhović A(3), Begagić E(4), Mahmutbegović N(5), Bečulić H(4)(6), Sefo H(1), Mehmedika-Suljić E(2)(5), Džurlić A(1)(7), Pojskić M(8).",Diagnostics (Basel). 2025 Jul 14;15(14):1778. doi: 10.3390/diagnostics15141778.,10.3390/diagnostics15141778,40722526.0,A,Clinical phenotype and comorbidity,Symptom duration and timing,INCOMPLETE_OR_PLACEHOLDER,Do not refuse surgery solely because symptoms are longstanding; earlier referral is reasonable but the predictive threshold is unvalidated.,Duration definitions and recall are inconsistent; confounding by severity/comorbidity; no randomized evidence.,Prognostic association.,ADJUDICATED_FINAL,Rovčanin B(1)(2) et al. (2025). Time Course of Symptoms in Normal-Pressure Hydrocephalus: A Systematic Review. Diagnostics (Basel). 2025 Jul 14;15(14):1778. doi: 10.3390/diagnostics15141778.. DOI: 10.3390/diagnostics15141778.,International,Evaluate whether preoperative symptom duration is associated with outcomes after VP shunting for adult NPH.,Systematic review,NR,"PubMed, Scopus, Embase",NR,NR,NR,"Adult NPH, VP shunt, pre/post clinical/radiological scores, symptom duration, follow-up >1 month.",24,24,NÃO EXTRAÍVEL,1169,NÃO EXTRAÍVEL,1169,Observational cohorts,VP shunt,Duration of symptoms; timing to surgery,Post-shunt clinical/radiologic change,"Gait, cognition, urinary, global/radiologic",1 month to long-term,Narrative synthesis; quantitative pooling only where reported,PARTIAL,Newcastle-Ottawa Scale,GRADE discussed,NR,NR,MESCLADOS 2,220-235
FT-015,INPH-U0420,Idiopathic normal pressure hydrocephalus: a systematic review and a streamlined six-step algorithm endorsed by the Italian Society of Neurosurgery (SINCH).,2025,"Panciani, Pier P. Palandri, Giorgio Petrella, Gianpaolo Tuniz, Francesco de Bonis, Pasquale de Maria, Lucio Nicoletti, Giovanni Graziano, Francesca Agosti, Edoardo Germano, Antonino Draghi, Riccardo Borghesi, Ignazio Simonini, Anita Pacchetti, Claudio Fontanella, Marco M.",Journal of Neurosurgical Sciences (2025) 69:1 (92-101). Date of Publication: 1 Feb 2025,10.23736/s0390-5616.25.06429-x,40045807.0,A+B,Integrated selection and guidelines,Clinical-imaging-CSF algorithm,INCOMPLETE_OR_PLACEHOLDER,"Useful pathway framework, but the algorithm itself is consensus-derived and not prospectively validated as a prediction model.",English-only; broad scope; no quantitative comparison of algorithm performance; diagnostic and prognostic evidence mixed.,"Decision pathway, not validated effect modification.",ADJUDICATED_FINAL,Panciani et al. (2025). Idiopathic normal pressure hydrocephalus: a systematic review and a streamlined six-step algorithm endorsed by the Italian Society of Neurosurgery (SINCH). Journal of Neurosurgical Sciences (2025) 69:1 (92-101). Date of Publication: 1 Feb 2025. DOI: 10.23736/s0390-5616.25.06429-x.,Italy,Synthesize iNPH diagnosis/management and produce a six-step clinical algorithm.,Systematic review and consensus algorithm,NR,"PubMed/MEDLINE, Scopus and other sources reported in methods",NR,English,NR,English iNPH diagnostic/management studies meeting prespecified eligibility.,73,73,NÃO EXTRAÍVEL,NÃO EXTRAÍVEL,NÃO EXTRAÍVEL,NÃO EXTRAÍVEL,Mixed observational and guideline evidence,VP/LP shunts,"Clinical/imaging criteria, high-volume LP, infusion/ICP tests",Shunt response and clinical management,"Global, gait, cognition, urinary; measurement",Varied,Narrative evidence synthesis plus expert-endorsed algorithm,NO,Newcastle-Ottawa Scale reported,NR,NR,NR,MESCLADOS 2,174-183
FT-016,INPH-U0424,"Standardizing the large-volume ""tap test"" for evaluating idiopathic normal pressure hydrocephalus: a systematic review.",2025,"Bluett B(1), Acosta LM(2), Ash E(3)(4), Bloem BR(5), Espay AJ(6), Farheen A(7)(8), Fasano A(9)(10)(11)(12)(13), Higinbotham A(14), Krauss JK(15), Lang AE(9)(10), Mostile G(16)(17), Aviles-Olmos I(18), Quattrone A(19)(20), Tipton PW(21), Tang-Wai DF(9)(11); International Parkinson and Movement Disorders Society Normal Pressure Hydrocephalus (MDS-NPH) Study Group.",Journal of Neurosurgical Sciences (2025) 69:1 (46-63). Date of Publication: 1 Feb 2025,10.23736/s0390-5616.24.06368-9,40045804.0,A+B,Temporary CSF drainage and CSF dynamics,Tap-test standardization and outcome measurement,INCOMPLETE_OR_PLACEHOLDER,Standardize procedure and measure more than gait alone; document timing and threshold prospectively.,Very broad evidence base; participant total includes mixed/duplicated evidence; Delphi recommendations are not accuracy validation.,Test standardization and outcome measurement.,ADJUDICATED_FINAL,"Bluett B(1) et al. (2025). Standardizing the large-volume ""tap test"" for evaluating idiopathic normal pressure hydrocephalus: a systematic review. Journal of Neurosurgical Sciences (2025) 69:1 (46-63). Date of Publication: 1 Feb 2025. DOI: 10.23736/s0390-5616.24.06368-9.",USA/international,Standardize the large-volume tap-test protocol and response assessment for iNPH.,Systematic review and proposed standardized protocol,NR,"PubMed, Embase, Cochrane CENTRAL",NR,NR,NR,Studies of adult iNPH using lumbar puncture/tap test and post-drainage assessments; mixed shunt-prediction evidence.,222,222,NÃO EXTRAÍVEL,80322,23850,NÃO EXTRAÍVEL,Mixed observational studies,Shunt types varied,"Tap-test volume, timing, TUG/10-m gait, cognition, urinary testing","Temporary drainage response and, where reported, shunt response","Gait, cognition, urinary, global; measurement",Hours to 1 week after tap; postoperative varied,Structured evidence synthesis and consensus protocol,NO,NR,NR,NR,NR,MESCLADOS 1,48-65
FT-018,INPH-U0427,Physical activity and gait in patients with idiopathic normal pressure hydrocephalus: a literature review.,2025,"Oebel K(1), Moeller T(1), Etingold J(2), Brombach T(2), Aslam S(3), Hoskin JL(4), Geda YE(4), Woll A(1), Krell-Roesch J(1).",Frontiers in Neurology (2025) 16 Article Number: 1501709. Date of Publication: 2025,10.3389/fneur.2025.1501709,40170892.0,B,Gait and mobility measurement,Physical activity,INCOMPLETE_OR_PLACEHOLDER,Include both capacity and real-world activity in outcome assessment; avoid treating tap response and definitive shunt benefit as identical.,Single-reviewer elements; intervention mixing; 29/32 gait-focused; heterogeneous instruments; possible double counting.,Outcome measurement.,ADJUDICATED_FINAL,Oebel K(1) et al. (2025). Physical activity and gait in patients with idiopathic normal pressure hydrocephalus: a literature review. Frontiers in Neurology (2025) 16 Article Number: 1501709. Date of Publication: 2025. DOI: 10.3389/fneur.2025.1501709.,Germany/Switzerland,Review physical activity and gait in iNPH and changes after CSF removal/shunt.,Literature review with systematic methods,NR,"PubMed, Scopus, Web of Science",NR,English,NR,iNPH studies assessing physical activity or gait and treatment-related change.,32,32,NÃO EXTRAÍVEL,1315,1315,NÃO EXTRAÍVEL,Mostly observational,Tap test and shunt,"Gait tests, instrumented gait, physical activity monitors",Pre/post drainage or shunt change,Gait/mobility; physical activity,Acute to long-term,Structured narrative synthesis,NO,Methodological quality assessed,NR,NR,NR,MESCLADOS 2,149-160
FT-019,INPH-U0438,Survival After Shunt Therapy in Normal-Pressure Hydrocephalus: A Meta-Analysis of 1614 Patients.,2024,"Wach, Johannes Gueresir, Agi Gueresir, Erdem Vychopen, Martin",Neurology International (2024) 16:6 Article Number: 107. Date of Publication: 1 Dec 2024,10.3390/neurolint16060107,39585066.0,A,Long-term survival and baseline severity,Patient-centered long-term outcome,COMPLETE_FOR_CCA,"Functional burden is useful for counseling and long-term planning, but the study cannot show that earlier shunting causally improves survival.",Reconstructed rather than original IPD; only two studies contributed stratified predictors; mixed NPH; ecological/confounding risk.,"Post-treatment prognosis, not treatment-effect modification.",ADJUDICATED_FINAL,Wach et al. (2024). Survival After Shunt Therapy in Normal-Pressure Hydrocephalus: A Meta-Analysis of 1614 Patients. Neurology International 16:1438–1450. DOI: 10.3390/neurolint16060107.,"Germany-led review; primary cohorts Sweden, Finland, and USA","Reconstruct long-term survival after VP shunt and examine baseline gait, continence, and mRS as prognostic factors.",Systematic review and reconstructed-IPD meta-analysis,PROSPERO 2024; identifier not stated in article,"PubMed/MEDLINE, Cochrane, Embase",2024,English,No,Shunted NPH cohorts with long-term survival shown in Kaplan–Meier curves and number-at-risk tables.,5,5,4–5; two Swedish reports may overlap,1614,Predominant/direct iNPH cohorts; exact unique N reduced by possible Swedish overlap,1614,Retrospective and prospective cohorts,Predominantly VP shunt,"Baseline gait score, continence score, mRS",Long-term overall survival after shunting,Survival; patient-centered long-term outcome,Up to approximately 13 years,Kaplan–Meier IPD reconstruction; one-stage and two-stage time-to-event analyses,YES,NIH Quality Assessment Tool for observational cohort and cross-sectional studies,No formal certainty framework,No external funding,None declared,MESCLADOS 3,181–193
FT-020,INPH-U0439,Gait characteristics in idiopathic normal pressure hydrocephalus: a review on the effects of CSF tap test and shunt surgery.,2024,"Hereitova, Iva Griffa, Alessandra Allali, Gilles Dornak, Tomas",European Journal of Medical Research (2024) 29:1 Article Number: 633. Date of Publication: 1 Dec 2024,10.1186/s40001-024-02162-2,39734225.0,B,Gait and mobility measurement,Post-drainage and post-shunt gait,INCOMPLETE_OR_PLACEHOLDER,Prioritize standardized speed/TUG/stride metrics and preserve dual-task data for equivocal cases.,Narrative synthesis; no pooled predictive accuracy; tap and shunt changes should not be conflated.,Outcome measurement/test response.,ADJUDICATED_FINAL,Hereitova et al. (2024). Gait characteristics in idiopathic normal pressure hydrocephalus: a review on the effects of CSF tap test and shunt surgery. European Journal of Medical Research (2024) 29:1 Article Number: 633. Date of Publication: 1 Dec 2024. DOI: 10.1186/s40001-024-02162-2.,France/international,Describe gait characteristics in iNPH and effects of tap test and shunt surgery.,Systematic review,NR,"PubMed/MEDLINE, Web of Science",NR,NR,NR,Studies objectively assessing iNPH gait before/after CSF tap or shunt.,27,27,NÃO EXTRAÍVEL,NÃO EXTRAÍVEL,NÃO EXTRAÍVEL,NÃO EXTRAÍVEL,Observational gait cohorts,Tap test and shunt,"Spatiotemporal gait parameters, dual task, kinematics",Pre/post CSF removal or shunt,Gait/mobility,Acute after tap and postoperative varied,Structured narrative synthesis,NO,NR,NR,NR,NR,MESCLADOS 1,226-250
FT-021,INPH-U0441,Artificial Intelligence for Prediction of Shunt Response in Idiopathic Normal Pressure Hydrocephalus: A Systematic Review.,2024,"Fernandes, Rafael Tiza Fernandes, Filipe Wolff Kundu, Mrinmoy Ramsay, Daniele S. C. Salih, Ahmed Namireddy, Srikar N. Jankovic, Dragan Kalasauskas, Darius Ottenhausen, Malte Kramer, Andreas Ringel, Florian Thavarajasingam, Santhosh G.",World Neurosurg. 2024 Dec;192:e281-e291. doi: 10.1016/j.wneu.2024.09.087. Epub,10.1016/j.wneu.2024.09.087,39313190.0,A-PARCIAL,AI and multivariable prediction,Shunt-response models,INCOMPLETE_OR_PLACEHOLDER,"Promising for multimodal research, not ready for individual surgical decisions without external calibration and decision-curve validation.",Small samples; overfitting; selective reporting; outcome heterogeneity; external validation largely absent.,Prediction model among selected patients.,ADJUDICATED_FINAL,Fernandes et al. (2024). Artificial Intelligence for Prediction of Shunt Response in Idiopathic Normal Pressure Hydrocephalus: A Systematic Review. World Neurosurg. 2024 Dec;192:e281-e291. doi: 10.1016/j.wneu.2024.09.087. Epub. DOI: 10.1016/j.wneu.2024.09.087.,Brazil/international,Review AI/ML models predicting response to CSF drainage or shunt in iNPH.,Systematic review,NR,"PubMed/MEDLINE, Embase, Scopus, Cochrane and ScienceDirect",NR,NR,NR,ML studies in iNPH predicting response; four post-shunt and four post-drainage datasets separable.,8,8,NÃO EXTRAÍVEL,479,479,262,Prediction-model studies,Shunt or temporary CSF drainage,Clinical/imaging/volumetric features and ML algorithms,Shunt response or drainage response (kept separate),"Global/gait, mixed",Varied,SWiM-style structured narrative synthesis,NO,PROBAST,NR,NR,NR,MESCLADOS 1,149-159
FT-022,INPH-U0472,Efficacy and safety of shunt surgery in patients with idiopathic normal-pressure hydrocephalus: can we predict shunt response by preoperative magnetic resonance imaging (MRI)?,2024,"Yun SY(1), Suh CH(2), Byun JH(3), Jo SY(4), Chung SJ(4), Lim JS(4), Lee JH(4), Kim MJ(5), Kim HS(6), Kim SJ(6).",Clin Radiol. 2024 Jul;79(7):e924-e932. doi: 10.1016/j.crad.2024.03.004. Epub,10.1016/j.crad.2024.03.004,38622045.0,A,Structural imaging,Hybrid systematic review and own cohort,OWN_COHORT_ONLY,Do not use a single MRI sign as a gatekeeper; separate short-term association from durable benefit.,Hybrid design—do not pool own cohort as if review-level evidence; permissive response definition; attrition to 1 year; no consistent external replication.,Prognostic association.,ADJUDICATED_FINAL,Yun SY(1) et al. (2024). Efficacy and safety of shunt surgery in patients with idiopathic normal-pressure hydrocephalus: can we predict shunt response by preoperative magnetic resonance imaging (MRI)? Clin Radiol. 2024 Jul;79(7):e924-e932. doi: 10.1016/j.crad.2024.03.004. Epub. DOI: 10.1016/j.crad.2024.03.004.,South Korea,Evaluate shunt efficacy/safety and whether preoperative MRI predicts response; includes own cohort plus systematic review/meta-analysis.,Hybrid retrospective cohort + systematic review/meta-analysis,NR,"PubMed, Embase",4 February 2022,English,NR,iNPH shunt cohorts evaluating preoperative MRI features and postoperative response.,21,21,NÃO EXTRAÍVEL,NÃO EXTRAÍVEL,NÃO EXTRAÍVEL,NÃO EXTRAÍVEL,Observational MRI cohorts; own retrospective cohort n=192,VP shunt,"DESH, Evans index, callosal angle, high-convexity tightness, flow void, WMH",Post-shunt response,"Global, gait/cognition/urinary composites",1 month and 1 year in own cohort; varied in review,Systematic review with meta-analysis plus separate own-cohort logistic regression,YES,NR,NR,NR,NR,MESCLADOS 3,206-214
FT-023,INPH-U0489,Predictors of Satisfactory Surgical Outcome in Idiopathic Normal Pressure Hydrocephalus (Review).,2024,"Stanishevskiy AV(1), Gavrilov GV(2), Radkov MN(3), Adlejba BG(1), Svistov DV(4).",Sovremennye Tehnologii v Medicine (2024) 16:2 Article Number: 68. Date of Publication: 2024,10.17691/stm2024.16.2.07,39539751.0,A,Structural imaging,Multimodal radiological predictors,INCOMPLETE_OR_PLACEHOLDER,"Use imaging to support diagnosis and multimodal selection, not to deny surgery based on one absent sign.",Includes a prior meta-analysis alongside primary studies; possible overlap/double counting; multilingual reporting; heterogeneous evidence ranks.,Prognostic association.,ADJUDICATED_FINAL,Stanishevskiy AV(1) et al. (2024). Predictors of Satisfactory Surgical Outcome in Idiopathic Normal Pressure Hydrocephalus (Review). Sovremennye Tehnologii v Medicine (2024) 16:2 Article Number: 68. Date of Publication: 2024. DOI: 10.17691/stm2024.16.2.07.,Russia,Identify imaging predictors of satisfactory surgical outcome in iNPH.,Systematic review,NR,"RSCI/eLIBRARY, PubMed/MEDLINE, Scopus, Web of Science, Google Scholar",NR,NR,NR,Studies of preoperative imaging markers and postoperative shunt outcomes in iNPH.,28,28,NÃO EXTRAÍVEL,NÃO EXTRAÍVEL,NÃO EXTRAÍVEL,NÃO EXTRAÍVEL,Observational imaging cohorts,"VP/LP shunts, varied","Structural MRI/CT, DESH, callosal angle, volumetry, DTI, perfusion",Shunt responder status,Global and domain outcomes,Varied,Structured narrative synthesis,NO,NR,NR,NR,NR,MESCLADOS 3,21-30
FT-024,INPH-U0512,Gait Analysis in Idiopathic Normal Pressure Hydrocephalus: A Meta-Analysis.,2023,"Passaretti, Massimiliano Maranzano, Alessio Bluett, Brent Rajalingam, Rajasumi Fasano, Alfonso",Movement Disorders Clinical Practice (2023) 10:11 (1574-1584). Date of Publication: 1 Nov 2023,10.1002/mdc3.13816,38026510.0,B,Gait and mobility measurement,Gait meta-analysis,INCOMPLETE_OR_PLACEHOLDER,Assessment timing materially changes classification; predefine a 24–48 h window and do not rely on cadence alone.,High heterogeneity; sparse nonresponder data; supplementary-table dependence; response definitions vary.,Outcome measurement/test response.,ADJUDICATED_FINAL,Passaretti et al. (2023). Gait Analysis in Idiopathic Normal Pressure Hydrocephalus: A Meta-Analysis. Movement Disorders Clinical Practice (2023) 10:11 (1574-1584). Date of Publication: 1 Nov 2023. DOI: 10.1002/mdc3.13816.,Germany,Quantify gait-analysis findings and changes after CSF drainage/shunt in iNPH.,Systematic review and meta-analysis,CRD42022301725,"MEDLINE/PubMed, Embase, Cochrane CENTRAL, eLIBRARY",NR,NR,NR,Instrumented gait studies in iNPH with control or intervention comparisons.,17,17,NÃO EXTRAÍVEL,527,527,NÃO EXTRAÍVEL,Observational gait studies,CSF tap/drainage and shunt,"Gait velocity, stride length, cadence, TUG and instrumented parameters",Pre/post intervention or comparator groups,Gait/mobility,Acute and postoperative,Random-effects meta-analysis and narrative synthesis,YES,Newcastle-Ottawa Scale,NR,NR,NR,MESCLADOS 2,192-202
FT-025,INPH-U0514,Health-Related Quality of Life and Role of Surgical Treatment in Idiopathic Normal Pressure Hydrocephalus: A Systematic Review.,2023,"Torregrossa, Fabio Buscemi, Felice Gulino, Vincenzo Campisi, Benedetta Maria Teresi, Gaia Grasso, Giovanni",World Neurosurg. 2023 Nov;179:197-203.e1. doi: 10.1016/j.wneu.2023.08.105. Epub,10.1016/j.wneu.2023.08.105,37657591.0,B,Patient-centered benefit and harm,Health-related quality of life,INCOMPLETE_OR_PLACEHOLDER,HRQoL should be a core surgical endpoint and counseling should distinguish early symptom gain from durable patient-valued benefit.,Internal study-count discrepancy; instrument heterogeneity; few long-term studies; confounding and attrition.,Outcome measurement with exploratory prognostic factors.,ADJUDICATED_FINAL,Torregrossa et al. (2023). Health-Related Quality of Life and Role of Surgical Treatment in Idiopathic Normal Pressure Hydrocephalus: A Systematic Review. World Neurosurg. 2023 Nov;179:197-203.e1. doi: 10.1016/j.wneu.2023.08.105. Epub. DOI: 10.1016/j.wneu.2023.08.105.,UK/Sweden,Review health-related quality of life in iNPH and the role of shunt treatment.,Systematic review,NR,"PubMed/MEDLINE, Scopus and reference checking",NR,English,Reference checking,Studies reporting HRQoL in iNPH before/after surgical treatment.,12,12,NÃO EXTRAÍVEL,NÃO EXTRAÍVEL,NÃO EXTRAÍVEL,NÃO EXTRAÍVEL,Observational cohorts,Shunt surgery,HRQoL instruments,Within-subject postoperative HRQoL,Quality of life,Varied,Narrative synthesis,NO,NR,NR,NR,NR,MESCLADOS 3,157-164
FT-027,INPH-U0521,Utility of Machine learning in the Management of Normal Pressure Hydrocephalus (NPH): A Systematic Review.,2023,"Pahwa, Bhavya Tayal, Anish Shukla, Anushruti Soni, Ujjwal Gupta, Namrata Bassey, Esther Sharma, Mayur",World Neurosurg. 2023 Sep;177:e480-e492. doi: 10.1016/j.wneu.2023.06.080. Epub,10.1016/j.wneu.2023.06.080,37356488.0,A-PARCIAL,AI and multivariable prediction,Machine-learning applications,INCOMPLETE_OR_PLACEHOLDER,"Performance claims are not ready for deployment; prioritize external validation, calibration, missing-data handling and clinical utility.",Diagnosis and prediction mixed; model-level non-independence; high PROBAST risk; selective reporting; no reliable clinical thresholds.,Prediction modeling.,ADJUDICATED_FINAL,Pahwa et al. (2023). Utility of Machine learning in the Management of Normal Pressure Hydrocephalus (NPH): A Systematic Review. World Neurosurg. 2023 Sep;177:e480-e492. doi: 10.1016/j.wneu.2023.06.080. Epub. DOI: 10.1016/j.wneu.2023.06.080.,India,"Review machine-learning applications in NPH management, including treatment-response prediction.",Systematic review,NR,"PubMed, Embase, Web of Science",January 2023,NR,NR,ML studies in NPH; only separable iNPH treatment-response models eligible to prognostic layer.,22,22,NÃO EXTRAÍVEL,NÃO EXTRAÍVEL,NÃO EXTRAÍVEL,NÃO EXTRAÍVEL,Prediction-model studies,"Shunt/drainage, subset",Clinical/imaging/CSF/ML features,Diagnosis or response; response subset separated,"Global/gait, mixed",Varied,Structured narrative synthesis,NO,PROBAST,NR,NR,NR,MESCLADOS 2,161-173
FT-028,INPH-U0534,Radiological predictors of shunt response in the diagnosis and treatment of idiopathic normal pressure hydrocephalus: a systematic review and meta-analysis.,2023,"Thavarajasingam, Santhosh G. El-Khatib, Mahmoud Vemulapalli, Kalyan Iradukunda, Hector A. Sinzinkayo Vishnu, Sajeenth K. Borchert, Robin Russo, Salvatore Eide, Per K.",Acta Neurochir (Wien). 2023 Feb;165(2):369-419. doi: 10.1007/s00701-022-05402-8.,10.1007/s00701-022-05402-8,36435931.0,A,Structural imaging,Radiological predictor meta-analysis,INCOMPLETE_OR_PLACEHOLDER,No imaging marker should be used alone to exclude a candidate; combine with clinical and physiologic evidence.,Univariate pooling; multiple markers; heterogeneous thresholds/outcomes; possible cohort overlap.,Diagnostic prediction.,ADJUDICATED_FINAL,Thavarajasingam et al. (2023). Radiological predictors of shunt response in the diagnosis and treatment of idiopathic normal pressure hydrocephalus: a systematic review and meta-analysis. Acta Neurochir (Wien). 2023 Feb;165(2):369-419. doi: 10.1007/s00701-022-05402-8.. DOI: 10.1007/s00701-022-05402-8.,UK/Norway/Germany,Identify radiological predictors of shunt response in iNPH and quantify diagnostic effectiveness.,Systematic review and meta-analysis,NR,"Embase, MEDLINE, Scopus, PubMed, Google Scholar, JSTOR",NR,NR,Google Scholar/JSTOR,Original iNPH studies of preoperative radiological markers and postoperative shunt response.,28,28,NÃO EXTRAÍVEL,1676,1676,1676,Observational imaging cohorts,"Shunt, varied","26 radiological markers; five meta-analyzed (DESH, callosal angle, PVWM, CBF, CT cisternography)",Responder versus non-responder,Global/composite clinical response,Varied,Univariate diagnostic meta-analysis and narrative synthesis,YES,ROBINS-I,OCEBM levels,NR,NR,MESCLADOS 3,106-156
FT-029,INPH-U0561,Can preoperative brain imaging features predict shunt response in idiopathic normal pressure hydrocephalus? A PRISMA review.,2022,"Carlsen, Jonathan Frederik Munch, Tina Norgaard Hansen, Adam Espe Hasselbalch, Steen Gregers Rykkje, Alexander Malcolm",Neuroradiology. 2022 Nov;64(11):2119-2133. doi: 10.1007/s00234-022-03021-9. Epub,10.1007/s00234-022-03021-9,35871239.0,A,Structural imaging,Preoperative brain imaging,INCOMPLETE_OR_PLACEHOLDER,Absence of DESH or another classic sign should not automatically prevent shunting.,Overlapping cohorts explicitly present; broad parameter set; inconsistent thresholds and response definitions.,Prognostic association.,ADJUDICATED_FINAL,Carlsen et al. (2022). Can preoperative brain imaging features predict shunt response in idiopathic normal pressure hydrocephalus? A PRISMA review. Neuroradiology. 2022 Nov;64(11):2119-2133. doi: 10.1007/s00234-022-03021-9. Epub. DOI: 10.1007/s00234-022-03021-9.,Denmark,Determine whether preoperative CT/MRI features discriminate iNPH shunt responders from non-responders.,PRISMA systematic review,CRD42021261092,"PubMed, Cochrane Library, Embase, Web of Science",26 June 2022,English,NR,Peer-reviewed iNPH-only studies since 2005 with pre-shunt CT/MRI and triad-based shunt-response evaluation.,27,27,NÃO EXTRAÍVEL,NÃO EXTRAÍVEL,NÃO_EXTRAÍVEL,NÃO_EXTRAÍVEL,Observational imaging cohorts,VPS/LPS/VAS or ETV as accepted by authors,Structural and physiological CT/MRI features,Responder versus non-responder,"Summary response across gait, cognition and urinary domains",Varied,Narrative synthesis of statistical comparisons,NO,NR,NR,NR,NR,MESCLADOS 1,89-103
FT-030,INPH-U0575,Cerebrospinal fluid and venous biomarkers of shunt-responsive idiopathic normal pressure hydrocephalus: a systematic review and meta-analysis.,2022,"Thavarajasingam, Santhosh G. El-Khatib, Mahmoud Vemulapalli, Kalyan V. Iradukunda, Hector A. Sinzinkayo Laleye, Joshua Russo, Salvatore Eichhorn, Christian Eide, Per K.","Acta Neurochirurgica 164, 1719–1746 (2022). Published 1 March 2022.",10.1007/s00701-022-05154-5,35230552.0,A,Biomarkers and pathology,CSF and venous biomarkers,COMPLETE_FOR_CCA,"Tau may indicate competing/irreversible pathology and inform counseling, but cannot serve as a stand-alone exclusion marker.",Few studies; SMD direction requires care; assay/cutoff heterogeneity; no pooled sensitivity/specificity; overlap with broader biomarker reviews.,Prognostic biomarker association.,ADJUDICATED_FINAL,"Thavarajasingam, S.G., El-Khatib, M., Vemulapalli, K.V. et al. (2022). Cerebrospinal fluid and venous biomarkers of shunt-responsive idiopathic normal pressure hydrocephalus: a systematic review and meta-analysis. Acta Neurochirurgica 164, 1719–1746. Published 1 March 2022. https://doi.org/10.1007/s00701-022-05154-5.",UK/Norway/Germany,Identify CSF and venous biomarkers predicting shunt-responsive iNPH.,Systematic review and meta-analysis,NR,"Embase, MEDLINE, Scopus, PubMed, Google Scholar, JSTOR",NR,NR,Google Scholar/JSTOR,Original biomarker studies comparing preoperative levels between shunt responders and non-responders.,13,13,NÃO_EXTRAÍVEL,776,776,776,Observational biomarker cohorts,"Shunt, varied","Aβ42, total tau, phosphorylated tau, miscellaneous CSF/venous biomarkers",Responder versus non-responder,Global/composite response; some domain outcomes,Varied,Univariate random-effects meta-analysis and narrative synthesis,YES,ROBINS-I,OCEBM levels,NR,NR,MESCLADOS 3,78-105
FT-031,INPH-U0619,Clinical predictors of shunt response in the diagnosis and treatment of idiopathic normal pressure hydrocephalus: a systematic review and meta-analysis.,2021,"Thavarajasingam, Santhosh G. El-Khatib, Mahmoud Rea, Mark Russo, Salvatore Lemcke, Johannes Al-Nusair, Lana Vajkoczy, Peter",Acta Neurochirurgica (2021) 163:10 (2641-2672). Date of Publication: 1 Oct 2021,10.1007/s00701-021-04922-z,34235589.0,A,Temporary CSF drainage and CSF dynamics,Comparative clinical predictor accuracy,INCOMPLETE_OR_PLACEHOLDER,A staged multimodal pathway is more defensible than a single-test rule. Invasiveness and evidence quality must temper the apparent DOR ranking.,Pooling across heterogeneous thresholds; verification bias; DOR can exaggerate clinical utility; overlapping primary cohorts/reviews.,Diagnostic prediction.,ADJUDICATED_FINAL,Thavarajasingam et al. (2021). Clinical predictors of shunt response in the diagnosis and treatment of idiopathic normal pressure hydrocephalus: a systematic review and meta-analysis. Acta Neurochirurgica (2021) 163:10 (2641-2672). Date of Publication: 1 Oct 2021. DOI: 10.1007/s00701-021-04922-z.,UK/Germany,Identify clinical and invasive-test predictors of shunt response in iNPH.,Systematic review and diagnostic meta-analysis,NR,"Embase, MEDLINE, Scopus, PubMed, Google Scholar, JSTOR",NR,NR,Google Scholar/JSTOR,"Original iNPH studies of clinical features, ELD, infusion test, ICP monitoring or tap test with post-shunt response.",35,35,NÃO_EXTRAÍVEL,NÃO_EXTRAÍVEL,NÃO_EXTRAÍVEL,NÃO_EXTRAÍVEL,Observational diagnostic/prognostic cohorts,"Shunt, varied",Clinical features; ELD; infusion test; ICP monitoring; tap test,Post-shunt response,Global and domain outcomes,"Mostly 3-12 months, varied",Univariate and bivariate diagnostic meta-analysis,YES,QUADAS-2,NR,NR,NR,MESCLADOS 3,46-77
FT-032,INPH-U0625,Prognostic Utility of Disproportionately Enlarged Subarachnoid Space Hydrocephalus in Idiopathic Normal Pressure Hydrocephalus Treated with Ventriculoperitoneal Shunt Surgery: A Systematic Review and Meta-analysis.,2021,"Park HY(1), Park CR(2), Suh CH(3), Kim MJ(1), Shim WH(1), Kim SJ(1).",American Journal of Neuroradiology (2021) 42:8 (1429-1436). Date of Publication: 1 Aug 2021,10.3174/ajnr.a7168,34045302.0,A,Structural imaging,DESH prognostic utility,INCOMPLETE_OR_PLACEHOLDER,"DESH presence may support diagnosis, but absence is not a valid exclusion criterion.",No standardized DESH assessment; heterogeneity; guideline-dependent case definition.,Diagnostic prediction.,ADJUDICATED_FINAL,Park HY(1) et al. (2021). Prognostic Utility of Disproportionately Enlarged Subarachnoid Space Hydrocephalus in Idiopathic Normal Pressure Hydrocephalus Treated with Ventriculoperitoneal Shunt Surgery: A Systematic Review and Meta-analysis. American Journal of Neuroradiology (2021) 42:8 (1429-1436). Date of Publication: 1 Aug 2021. DOI: 10.3174/ajnr.a7168.,South Korea,Estimate prevalence and prognostic performance of DESH for response after VP shunt in iNPH.,Systematic review and meta-analysis,NR,"MEDLINE, Embase",NR,NR,NR,iNPH treated with VPS; studies reporting DESH prevalence or diagnostic performance for treatment response.,10,10,NÃO_EXTRAÍVEL,812,812,812,"3 prospective, 7 retrospective",VP shunt,DESH,Post-shunt treatment response,Global/composite response,Varied,Random-effects prevalence and diagnostic meta-analysis,YES,QUADAS-2,NR,NR,NR,MESCLADOS 2,184-191
FT-034,INPH-U0656,Usefulness of Brain Positron Emission Tomography with Different Tracers in the Evaluation of Patients with Idiopathic Normal Pressure Hydrocephalous.,2020,"Mattoli, Maria Vittoria Treglia, Giorgio Calcagni, Maria Lucia Mangiola, Annunziato Anile, Carmelo Trevisi, Gianluca",International Journal of Molecular Sciences (2020) 21:18 (1-22) Article Number: 6523. Date of Publication: 2 Sep 2020,10.3390/ijms21186523,32906629.0,A-PARCIAL,Functional/hemodynamic imaging,PET and molecular imaging,INCOMPLETE_OR_PLACEHOLDER,PET may clarify copathology in selected ambiguous patients but is not established as routine shunt-selection testing.,Only prognostic subsets are eligible; small tracer-specific cohorts; diagnostic and pre/post physiologic findings dominate.,Prognostic association in a subset.,ADJUDICATED_FINAL,Mattoli et al. (2020). Usefulness of Brain Positron Emission Tomography with Different Tracers in the Evaluation of Patients with Idiopathic Normal Pressure Hydrocephalous. International Journal of Molecular Sciences (2020) 21:18 (1-22) Article Number: 6523. Date of Publication: 2 Sep 2020. DOI: 10.3390/ijms21186523.,Italy,"Assess usefulness of PET tracers in iNPH, including prediction of shunt response where reported.",Systematic review,NR,"PubMed/MEDLINE, Cochrane Library, Scopus",30 May 2020,NR,Reference lists,PET/PET-CT studies with at least 3 iNPH patients; five overlapping reports excluded.,31,31,NÃO_EXTRAÍVEL,674,674,NÃO_EXTRAÍVEL,Observational imaging studies,Shunt in prognostic subset,"FDG, amyloid and other PET tracers",Diagnosis/differential diagnosis; shunt response subset,Global/cognition/gait where reported,Varied,Structured qualitative synthesis,NO,NR,NR,NR,NR,MESCLADOS 2,100-121
FT-036,INPH-U0672,Extended lumbar drainage in idiopathic normal pressure hydrocephalus: a systematic review and meta-analysis of diagnostic test accuracy.,2020,"Nunn, Adam C. Jones, Hayley E. Morosanu, Cezar O. Singleton, William G. B. Williams, Michael A. Nagel, Sean J. Luciano, Mark G. Zwimpfer, Thomas J. Holubkov, Richard Wisoff, Jeffrey H. McKhann, Guy M., II Hamilton, Mark G. Edwards, Richard J.",Br J Neurosurg. 2021 Jun;35(3):285-291. doi: 10.1080/02688697.2020.1787948. Epub,10.1080/02688697.2020.1787948,32643967.0,A,Temporary CSF drainage and CSF dynamics,Extended lumbar drainage,INCOMPLETE_OR_PLACEHOLDER,"ELD can be useful after equivocal assessment, but apparent accuracy should not be presented as precise or universally transportable.",Only four small studies; historical valves/management; residual selection/verification bias; prevalence-dependent predictive values.,Diagnostic prediction.,ADJUDICATED_FINAL,Nunn et al. (2020). Extended lumbar drainage in idiopathic normal pressure hydrocephalus: a systematic review and meta-analysis of diagnostic test accuracy. Br J Neurosurg. 2021 Jun;35(3):285-291. doi: 10.1080/02688697.2020.1787948. Epub. DOI: 10.1080/02688697.2020.1787948.,UK,Estimate diagnostic accuracy of extended lumbar drainage for predicting shunt response in iNPH.,Systematic review and diagnostic meta-analysis,CRD42018110518,"Multiple databases including MEDLINE, Embase and Cochrane",NR,NR,NR,"Predominantly iNPH (>80%), ELD performed, intended shunting regardless of ELD result, extractable 2×2 data.",4,4,NÃO_EXTRAÍVEL,84,At least 88%-100% iNPH,84,Diagnostic-accuracy cohorts,"Shunt, varied",Extended lumbar drainage,Post-shunt response,"Global/gait, heterogeneous",0.25-12 months (mean 4.3),Bivariate random-effects diagnostic meta-analysis,YES,QUADAS-2,NR,NR,NR,MESCLADOS 2,141-148
FT-038,INPH-U0709,A systematic review of the diagnostic utility of simple tests of change after trial removal of cerebrospinal fluid in adults with normal pressure hydrocephalus.,2018,"Scully, Aileen Eugenia Lim, Edwin Choon Wyn Teow, Pei Pei Tan, Dawn May Leng",Clinical rehabilitation (2018) 32:7 (942-953). Date of Publication: 1 Jul 2018,10.1177/0269215518760126,29514517.0,A+B,Temporary CSF drainage and CSF dynamics,Measurement after trial CSF removal,INCOMPLETE_OR_PLACEHOLDER,Use standardized gait/cognitive change as one component of selection; a negative single measure remains insufficient to exclude.,Mixed NPH; wide confidence intervals; threshold heterogeneity; selective availability for meta-analysis.,Diagnostic prediction through response measurement.,ADJUDICATED_FINAL,Scully et al. (2018). A systematic review of the diagnostic utility of simple tests of change after trial removal of cerebrospinal fluid in adults with normal pressure hydrocephalus. Clinical rehabilitation (2018) 32:7 (942-953). Date of Publication: 1 Jul 2018. DOI: 10.1177/0269215518760126.,Australia,Assess diagnostic utility of simple change tests after trial CSF removal for predicting shunt outcome.,Systematic review and diagnostic meta-analysis,NR,"MEDLINE, Scopus, Web of Science, Cochrane, PsycINFO, CINAHL",12 September 2017,NR,NR,"Adults with NPH, pre/post tap or ELD simple tests and subsequent shunt outcome.",29,29,NÃO_EXTRAÍVEL,NÃO_EXTRAÍVEL,NÃO_EXTRAÍVEL,NÃO_EXTRAÍVEL,Prospective/retrospective diagnostic cohorts,Shunt,"18-m walk, video gait, cognition, TUG and other change tests",Post-shunt response,"Gait, cognition, global",Varied,HSROC/meta-analysis where possible,YES,QUADAS-2,NR,NR,NR,MESCLADOS 2,248-259
FT-039,INPH-U0723,Cerebrospinal Fluid Biomarkers as Predictors of Shunt Response in Idiopathic Normal Pressure Hydrocephalus: A Systematic Review.,2018,"Pfanner, Tyler Henri-Bhargava, Alexandre Borchert, Stephanie",Canadian Journal of Neurological Sciences (2018) 45:1 (3-10). Date of Publication: 1 Jan 2018,10.1017/cjn.2017.251,29125088.0,A,Biomarkers and pathology,CSF biomarkers,INCOMPLETE_OR_PLACEHOLDER,Biomarker results may refine prognosis and identify copathology but are not independent gatekeepers.,Small evidence base; many single-study markers; outcome-definition bias; assay heterogeneity; overlap with later reviews.,Prognostic biomarker association.,ADJUDICATED_FINAL,Pfanner et al. (2018). Cerebrospinal Fluid Biomarkers as Predictors of Shunt Response in Idiopathic Normal Pressure Hydrocephalus: A Systematic Review. Canadian Journal of Neurological Sciences (2018) 45:1 (3-10). Date of Publication: 1 Jan 2018. DOI: 10.1017/cjn.2017.251.,Canada,Identify CSF biomarkers evaluated as predictors of shunt response in iNPH and grade evidence.,Systematic review,NR,"MEDLINE, Embase, PsycINFO",NR,NR,NR,iNPH lumbar CSF biomarkers reported separately in shunt responders and non-responders.,13,13,NÃO_EXTRAÍVEL,508,508,508,Observational biomarker studies,"Shunt, varied",37 CSF biomarkers,Responder versus non-responder,"Global, mRS, cognition, heterogeneous",Varied,Evidence synthesis by biomarker,NO,AAN evidence classes,AAN evidence classes,NR,NR,MESCLADOS 2,212-219
FT-041,INPH-U0759,The effect of shunt surgery on neuropsychological performance in normal pressure hydrocephalus: a systematic review and meta-analysis.,2016,"Peterson, Katie A. Savulich, George Jackson, Dan Killikelly, Clare Pickard, John D. Sahakian, Barbara J.",J Neurol. 2016 Aug;263(8):1669-77. doi: 10.1007/s00415-016-8097-0. Epub 2016 Mar,10.1007/s00415-016-8097-0,27017344.0,B,Cognition and neuropsychological outcomes,Post-shunt cognitive change,INCOMPLETE_OR_PLACEHOLDER,Measure cognitive domains directly and interpret group mean change separately from individual meaningful response.,Practice effects; pre-post design without controls; heterogeneous NPH; no publication-bias testing due small k.,Outcome measurement.,ADJUDICATED_FINAL,Peterson et al. (2016). The effect of shunt surgery on neuropsychological performance in normal pressure hydrocephalus: a systematic review and meta-analysis. J Neurol. 2016 Aug;263(8):1669-77. doi: 10.1007/s00415-016-8097-0. Epub 2016 Mar. DOI: 10.1007/s00415-016-8097-0.,UK,Quantify neuropsychological change after shunt surgery in NPH.,Systematic review and meta-analysis,NR,"PubMed, Web of Science, Google Scholar; manual searching",NR,NR,Manual search,Prospective within-subject neuropsychological assessment before and after shunt in NPH.,23,23,NÃO_EXTRAÍVEL,1059,NÃO_EXTRAÍVEL,1059,Prospective cohorts,"Shunt, varied","MMSE, RAVLT, digit span, fluency, TMT-A/B",Within-subject postoperative change,Cognition,Mostly 3-12 months,Seven random-effects meta-analyses,YES,NR,NR,NR,NR,MESCLADOS 2,203-211
FT-043,INPH-U0767,CSF tap test - Obsolete or appropriate test for predicting shunt responsiveness? A systemic review.,2016,"Mihalj, Mario Dolic, Kresimir Kolic, Kresimir Ledenko, Vlatko",Journal of the Neurological Sciences (2016) 362 (78-84). Date of Publication: 15 Mar 2016,10.1016/j.jns.2016.01.028,26944123.0,A,Temporary CSF drainage and CSF dynamics,Tap-test accuracy,COMPLETE_FOR_CCA,"A positive tap supports shunting; a negative tap should trigger reconsideration/other testing, not automatic exclusion.",Range summaries; partial verification; high prevalence inflates PPV; protocol and response heterogeneity.,Diagnostic prediction.,ADJUDICATED_FINAL,Mihalj et al. (2016). CSF tap test - Obsolete or appropriate test for predicting shunt responsiveness? A systemic review. Journal of the Neurological Sciences (2016) 362 (78-84). Date of Publication: 15 Mar 2016. DOI: 10.1016/j.jns.2016.01.028.,Croatia / international evidence,Evaluate the effect of CSF tap test on main symptoms and its validity for screening patients suitable for shunting.,Systematic review of diagnostic accuracy,A priori methods; no registry reported,PubMed; Ovid MEDLINE; Current Contents; ScienceDirect; EBSCO; Web of Science; Cochrane Database checked; reference lists and personal resources,"February 2015 (article states February 30, 2015)",No language restrictions,Unpublished data and conference proceedings excluded; manual/reference and personal-resource searching,NPH/iNPH diagnosed clinically and radiologically; at least two triad symptoms with gait mandatory; CSF tap test; post-shunt outcome as reference; at least two symptom domains; follow-up ≥3 months.,8,8,NÃO EXTRAÍVEL,482,NÃO EXTRAÍVEL (mixed NPH/iNPH in some cohorts),NÃO EXTRAÍVEL (partial verification in at least one cohort),8 prospective cohort studies,"Shunt, varied/NR",Large-volume CSF tap test; symptom response; opening pressure in one combined criterion,"Clinical outcome after shunting, follow-up ≥3 months","Gait, cognition, continence, global response",3–24 months across studies,Narrative diagnostic-accuracy synthesis with extracted/calculated 2×2 measures,NO,QUADAS / QUADAS-2 as reported,NR,NR,Authors declared no conflicts of interest,MESCLADOS 2,122-128
FT-044,INPH-U0787,Thresholds of resistance to CSF outflow in predicting shunt responsiveness.,2015,"Kim, Dong-Joo Kim, Hakseung Kim, Young-Tak Yoon, Byung C. Czosnyka, Zofia Park, Kun-Woo Czosnyka, Marek",Neurological Research (2015) 37:4 (332-340). Date of Publication: 1 Apr 2015,10.1179/1743132814y.0000000454,25323618.0,A-PARCIAL,Temporary CSF drainage and CSF dynamics,Rout thresholds,COMPLETE_FOR_CCA,"Rout is supportive, not exclusionary; threshold choice encodes a clinical tradeoff and should not be universalized.",Mixed infusion methods create major heterogeneity; outcome definitions vary; legacy NPH cohorts.,Diagnostic prediction.,ADJUDICATED_FINAL,Kim et al. (2015). Thresholds of resistance to CSF outflow in predicting shunt responsiveness. Neurological Research (2015) 37:4 (332-340). Date of Publication: 1 Apr 2015. DOI: 10.1179/1743132814y.0000000454.,South Korea/UK/USA,Determine the most useful Rout threshold for predicting shunt responsiveness in NPH.,Systematic review and meta-analysis,NR,"MEDLINE, Embase; manual references",9 January 2014,English,Reference lists,NPH studies with preoperative Rout and postoperative improvement; constant infusion/ventricular perfusion methods.,9,9,NÃO_EXTRAÍVEL,Up to 499 depending threshold,NO_SEPARABLE_UNIQUE_TOTAL,Up to 499 depending threshold,Mostly prospective/retrospective cohorts,"Shunt, varied","Rout thresholds 10, 12, 15, 18 mmHg/ml/min",Postoperative improvement,Global/composite,Varied,Fixed-effect Mantel-Haenszel meta-analysis by threshold,YES,No formal primary-study RoB tool reported,NR,NR,NR,MESCLADOS 2,1-9
FT-045,INPH-U0812,Treatment and clinical outcome in patients with idiopathic normal pressure hydrocephalus – A systematic review,2014,"Torsnes, Linnea Blafjelldal, Vibeke Poulsen, Frantz Rom",Danish Medical Journal (2014) 61:10 Article Number: A4911. Date of Publication: 1 Oct 2014,,25283616.0,A+B,Integrated selection and guidelines,Treatment and clinical outcome,INCOMPLETE_OR_PLACEHOLDER,Useful historical map; avoid quoting one pooled success rate without stratifying definition and follow-up.,Single database; language/date limits; broad narrative synthesis; risk-of-bias not formally integrated.,Prognostic association plus outcome measurement.,ADJUDICATED_FINAL,Torsnes et al. (2014). Treatment and clinical outcome in patients with idiopathic normal pressure hydrocephalus – A systematic review Danish Medical Journal (2014) 61:10 Article Number: A4911. Date of Publication: 1 Oct 2014. DOI: NR.,Norway,"Review diagnosis, treatment and outcome after shunting for iNPH.",Systematic review,NR,PubMed; reference lists,NR,English and Norwegian; after 1990,Reference lists,iNPH treatment/outcome articles matching clinical question.,43,43,NÃO_EXTRAÍVEL,NÃO_EXTRAÍVEL,NÃO_EXTRAÍVEL,NÃO_EXTRAÍVEL,~40% prospective; remainder retrospective,Shunt and some ETV,"Clinical features, timing, CSF dynamic tests",Postoperative outcome,"Global, gait, cognition, urinary",Short and long term,Narrative synthesis,NO,Risk-of-bias discussion but no standard tool,NR,NR,NR,MESCLADOS 3,165-171
FT-049,INPH-U0908,Noninvasive biomarkers in normal pressure hydrocephalus: Evidence for the role of neuroimaging - A review,2009,Tarnaris A.; Kitchen N.D.; Watkins L.D.,Journal of Neurosurgery (2009) 110:5 (837-851). Date of Publication: May 2009,10.3171/2007.9.17572,18991499.0,A-PARCIAL,Structural imaging,Non-invasive imaging biomarkers,INCOMPLETE_OR_PLACEHOLDER,Historical evidence does not justify stand-alone imaging selection rules.,"Old search; tiny prognostic studies; mixed NPH etiologies; Level A claim applies to secondary NPH, not iNPH.",Diagnostic prediction.,ADJUDICATED_FINAL,Tarnaris A.; Kitchen N.D.; Watkins L.D. et al. (2009). Noninvasive biomarkers in normal pressure hydrocephalus: Evidence for the role of neuroimaging - A review Journal of Neurosurgery (2009) 110:5 (837-851). Date of Publication: May 2009. DOI: 10.3171/2007.9.17572.,UK,Evaluate non-invasive imaging biomarkers correlated with surgical outcomes in NPH.,Systematic evidence review,NR,"MEDLINE/PubMed, Embase",1980-2006,English,Citation chasing,"Imaging-outcome studies specifying hydrocephalus type, clinical symptoms, ventriculomegaly/CSF dynamics and follow-up.",16,16,NÃO_EXTRAÍVEL,NÃO_EXTRAÍVEL,NÃO_EXTRAÍVEL,NÃO_EXTRAÍVEL,Prospective and retrospective imaging cohorts,"Shunt, varied","CT/MRI, phase-contrast flow, SPECT/PET, spectroscopy",Surgical outcome,Global/composite,Varied,Narrative evidence synthesis with diagnostic-accuracy tables,NO,Oxford evidence levels,Oxford evidence levels,NR,NR,MESCLADOS 3,31-45
FT-050,INPH-U0975,"INPH guidelines, part III: The value of supplemental prognostic tests for the preoperative assessment of idiopathic normal-pressure hydrocephalus",2005,"Marmarou, A.; Bergsneider, M.; Klinge, P.; Relkin, N.; Black, P.Mc.L.",Neurosurgery (2005) 57:3 Suppl (S17-28; discussion ii-v). Date of Publication: Sep 2005,10.1227/01.neu.0000168184.01002.60,16160426.0,A,Integrated selection and guidelines,Supplemental prognostic tests,INCOMPLETE_OR_PLACEHOLDER,Positive supplementary tests increase confidence; low sensitivity means negative results should not exclude.,Legacy evidence; selected larger studies; nonstandard outcomes; no contemporary programmable-shunt pathway.,Diagnostic prediction.,ADJUDICATED_FINAL,"Marmarou et al. (2005). INPH guidelines, part III: The value of supplemental prognostic tests for the preoperative assessment of idiopathic normal-pressure hydrocephalus Neurosurgery (2005) 57:3 Suppl (S17-28; discussion ii-v). Date of Publication: Sep 2005. DOI: 10.1227/01.neu.0000168184.01002.60.",USA/Germany,Develop evidence-based guidance on supplemental preoperative prognostic tests in iNPH.,Evidence-based guideline/systematic review,NR,MEDLINE,1966-2004/2005,NR,NR,Clinically relevant shunted NPH studies; iNPH and secondary NPH separated in evidence tables.,NÃO_EXTRAÍVEL,NÃO_EXTRAÍVEL,NÃO_EXTRAÍVEL,NÃO_EXTRAÍVEL,NÃO_EXTRAÍVEL,NÃO_EXTRAÍVEL,Clinical cohorts,Shunt,"Tap test, ELD, infusion/Rout, ICP, imaging/cisternography",Post-shunt response,Global/gait/cognition,Varied,Evidence tables and guideline synthesis,NO,Guideline evidence classes,Guideline evidence grades,NR,NR,MESCLADOS 2,88-99
FT-051,INPH-U0977,"INPH guidelines, part V: Outcome of shunting in idiopathic normal-pressure hydrocephalus and the value of outcome assessment in shunted patients",2005,Klinge P.; Marmarou A.; Bergsneider M.; Relkin N.; Black P.Mc.L.,Neurosurgery (2005) 57:3 Suppl (S40-52; discussion ii-v). Date of Publication: Sep 2005,10.1227/01.neu.0000168187.01077.2f,16160428.0,B,Patient-centered benefit and harm,Outcome assessment and complications,INCOMPLETE_OR_PLACEHOLDER,Prespecify domain-specific outcomes and assess at standardized intervals including 1 year and beyond.,Consensus partly supplements limited evidence; old management era; no MCID framework.,Outcome measurement.,ADJUDICATED_FINAL,"Klinge P.; Marmarou A.; Bergsneider M.; Relkin N.; Black P.Mc.L. et al. (2005). INPH guidelines, part V: Outcome of shunting in idiopathic normal-pressure hydrocephalus and the value of outcome assessment in shunted patients Neurosurgery (2005) 57:3 Suppl (S40-52; discussion ii-v). Date of Publication: Sep 2005. DOI: 10.1227/01.neu.0000168187.01077.2f.",USA/Germany,Develop guidance for assessment of outcome after shunting in iNPH.,Evidence-based guideline/systematic review,NR,MEDLINE,1966-2004/2005,NR,NR,iNPH outcome studies with groups of at least 20 patients.,NÃO_EXTRAÍVEL,NÃO_EXTRAÍVEL,NÃO_EXTRAÍVEL,NÃO_EXTRAÍVEL,NÃO_EXTRAÍVEL,NÃO_EXTRAÍVEL,Clinical outcome cohorts,Shunt,"Outcome scales, follow-up protocols, function/QoL and complications",Post-shunt status,"Global, gait, cognition, urinary, function, complications",Short term to >5 years,Evidence tables plus expert guideline synthesis,NO,Guideline evidence classes,Consensus/evidence grades,NR,NR,MESCLADOS 2,10-22
FT-053,INPH-U1045,Idiopathic normal pressure hydrocephalus: a systematic review of diagnosis and outcome.,2001,Hebb A.O.; Cusimano M.D.,Neurosurgery (2001) 49:5 (1166-1186). Date of Publication: 2001,10.1097/00006123-200111000-00028,11846911.0,A+B,Integrated selection and guidelines,"Diagnosis, outcome, and complications",INCOMPLETE_OR_PLACEHOLDER,Balances potential benefit with substantial historical complication/reoperation burden; modern rates should not be assumed identical.,Mostly retrospective small series; no Grade I predictor studies; legacy shunts; wide ranges; overlapping reports.,Prognostic association and broad outcome.,ADJUDICATED_FINAL,Hebb A.O.; Cusimano M.D. et al. (2001). Idiopathic normal pressure hydrocephalus: a systematic review of diagnosis and outcome. Neurosurgery (2001) 49:5 (1166-1186). Date of Publication: 2001. DOI: 10.1097/00006123-200111000-00028.,Canada/USA,Identify diagnostic criteria predicting shunt response and formulate prognostic expectations for iNPH.,Systematic review,NR,MEDLINE,March 2000,NR,NR,Clinical shunting iNPH studies with objective grading of outcome and prespecified diagnostic/outcome criteria.,44,35,35,883,883,883,Mostly retrospective small series,"Shunt, varied","Clinical triad, CT, CBF/SPECT, cisternography, CSF dynamics, TT/ELD",Post-shunt response,"Global, gait, urinary, cognition, function, complications",Short and prolonged follow-up,Pooled descriptive outcomes and diagnostic-accuracy tables,PARTIAL/DESCRIPTIVE,Study evidence grading (I-IV),Evidence grades,NR,NR,MESCLADOS 1,205-225
FT-056,INPH-U1259,Technological Advances for Gait and Balance in Normal Pressure Hydrocephalus: A Systematic Review.,2025,"Zampogna, Alessandro Patera, Martina Falletti, Marco Pinola, Giulia Asci, Francesco Suppa, Antonio","(2025) Bioengineering, 12 (2), art. no. 135, Cited 1 times.",10.3390/bioengineering12020135,40001656.0,B,Gait and mobility measurement,Technology-assisted gait and balance,INCOMPLETE_OR_PLACEHOLDER,Use instrumented measures to standardize outcomes; do not market them as validated prognostic tests without longitudinal validation.,PubMed-only; diagnostic emphasis; limited longitudinal data; overlapping gait/balance samples.,Outcome measurement/diagnostic mapping.,ADJUDICATED_FINAL,"Zampogna et al. (2025). Technological Advances for Gait and Balance in Normal Pressure Hydrocephalus: A Systematic Review. (2025) Bioengineering, 12 (2), art. no. 135, Cited 1 times.. DOI: 10.3390/bioengineering12020135.",Italy,Review technological/instrumental assessment of gait and balance in NPH.,Systematic review,NR,PubMed,October 2024,English; January 2000-October 2024,NR,Original NPH studies using laboratory instruments for gait/balance.,54,54,NÃO_EXTRAÍVEL,NÃO_EXTRAÍVEL,NÃO_EXTRAÍVEL,NÃO_EXTRAÍVEL,Mostly observational cross-sectional; few longitudinal,Tap test/shunt in subsets,"Pressure platforms, motion capture, inertial sensors, posturography",Controls or pre/post treatment,Gait and balance measurement,Mostly cross-sectional; limited longitudinal,Structured narrative synthesis,NO,Internal/statistical/external validity assessment,NR,NR,NR,MESCLADOS 3,215-242
FT-059,INPH-U1721,"Practice guideline: Idiopathic normal pressure hydrocephalus: Response to shunting and predictors of response: Report of the Guideline Development, Dissemination, and Implementation Subcommittee of the American Academy of Neurology.",2015,"Halperin JJ(1), Kurlan R(1), Schwalb JM(1), Cusimano MD(1), Gronseth G(1), Gloss D(1).",Neurology. 2015 Dec 8;85(23):2063-71. doi: 10.1212/WNL.0000000000002193.,10.1212/wnl.0000000000002193,26644048.0,A,Integrated selection and guidelines,"Response, predictors, and serious adverse events",INCOMPLETE_OR_PLACEHOLDER,Counsel on benefit and nontrivial risk; predictors adjust probability but do not establish who uniquely benefits causally.,Guideline-era evidence; many studies have limited generalizability; evidence classes differ from modern RoB tools.,Prognostic prediction; no treatment–predictor interaction.,ADJUDICATED_FINAL,"Halperin JJ(1) et al. (2015). Practice guideline: Idiopathic normal pressure hydrocephalus: Response to shunting and predictors of response: Report of the Guideline Development, Dissemination, and Implementation Subcommittee of the American Academy of Neurology. Neurology. 2015 Dec 8;85(23):2063-71. doi: 10.1212/WNL.0000000000002193.. DOI: 10.1212/wnl.0000000000002193.",USA/Canada,Evaluate shunting efficacy and predictors of response in iNPH and issue AAN recommendations.,AAN practice guideline systematic evidence review,NR,"MEDLINE, Cochrane; updated search 2012-November 2013",November 2013 plus two later studies,NR,NR,"iNPH/suspected iNPH studies ≥10 patients, comparison group, follow-up ≥3 months; case reports/reviews excluded.",36,36,NÃO_EXTRAÍVEL,NÃO_EXTRAÍVEL,NÃO_EXTRAÍVEL,NÃO_EXTRAÍVEL,Therapeutic and prognostic cohorts,Shunt,"Rout, acetazolamide CBF reactivity, ELD/repeated LP, age, imaging",Shunt response,"Subjective global, gait, cognition, serious adverse events",6 months to 5 years,Evidence classification and modified GRADE-linked recommendations,NO,AAN Class I-IV,AAN-modified GRADE,NR,NR,MESCLADOS 1,182-190
